순번,대지위치,시군구코드,법정동코드,대지구분코드,번,지,사용년월,도로명대지위치,새주소일련번호,새주소도로코드,새주소지상지하코드,새주소본번,새주소부번,사용량(KWh)
1,대구광역시 달성군 화원읍 천내리 102-8번지,27710,25021,0,102,8,202008,대구광역시 달성군 성천로24길 12-10,1,2.77104E+11,0,12,10,711
2,대구광역시 달성군 화원읍 천내리 103-2번지,27710,25021,0,103,2,202008,대구광역시 달성군 화원로7길 90,1,2.77104E+11,0,90,0,1623
3,대구광역시 달성군 화원읍 천내리 106번지,27710,25021,0,106,0,202008,대구광역시 달성군 성천로24길 1-2,1,2.77104E+11,0,1,2,23
4,대구광역시 달성군 화원읍 천내리 108-4번지,27710,25021,0,108,4,202008,대구광역시 달성군 성천로 134,1,2.77103E+11,0,134,0,257
5,대구광역시 달성군 화원읍 천내리 109-9번지,27710,25021,0,109,9,202008,대구광역시 달성군 화원로7길 58-3,1,2.77104E+11,0,58,3,759
6,대구광역시 달성군 화원읍 천내리 118번지,27710,25021,0,118,0,202008,대구광역시 달성군 화원로 36,1,2.77103E+11,0,36,0,62780
7,대구광역시 달성군 화원읍 천내리 122-1번지,27710,25021,0,122,1,202008,대구광역시 달성군 비슬로525길 37,1,2.77104E+11,0,37,0,41619
8,대구광역시 달성군 화원읍 천내리 122번지,27710,25021,0,122,0,202008,대구광역시 달성군 화원로 26,1,2.77103E+11,0,26,0,48840
9,대구광역시 달성군 화원읍 천내리 124-1번지,27710,25021,0,124,1,202008,대구광역시 달성군 화원로7길 1,1,2.77104E+11,0,1,0,4728
10,대구광역시 달성군 화원읍 천내리 124번지,27710,25021,0,124,0,202008,대구광역시 달성군 화원로7길 7-3,1,2.77104E+11,0,7,3,11137
11,대구광역시 달성군 화원읍 천내리 128-5번지,27710,25021,0,128,5,202008,대구광역시 달성군 화원로 23-1,1,2.77103E+11,0,23,1,759
12,대구광역시 달성군 화원읍 천내리 128-6번지,27710,25021,0,128,6,202008,대구광역시 달성군 화원로 23,1,2.77103E+11,0,23,0,362
13,대구광역시 달성군 화원읍 천내리 128-7번지,27710,25021,0,128,7,202008,대구광역시 달성군 화원로 21,1,2.77103E+11,0,21,0,233
14,대구광역시 달성군 화원읍 천내리 138-1번지,27710,25021,0,138,1,202008,대구광역시 달성군 화원로3길 66,1,2.77104E+11,0,66,0,88189
15,대구광역시 달성군 화원읍 천내리 154-1번지,27710,25021,0,154,1,202008,대구광역시 달성군 비슬로 2571,1,2.77103E+11,0,2571,0,362
16,대구광역시 달성군 화원읍 천내리 187-6번지,27710,25021,0,187,6,202008,대구광역시 달성군 성천로30길 50,1,2.77104E+11,0,50,0,175
17,대구광역시 달성군 화원읍 천내리 188-3번지,27710,25021,0,188,3,202008,대구광역시 달성군 화원로7길 51,1,2.77104E+11,0,51,0,338
18,대구광역시 달성군 화원읍 천내리 188-4번지,27710,25021,0,188,4,202008,대구광역시 달성군 화원로7길 55,1,2.77104E+11,0,55,0,1296
19,대구광역시 달성군 화원읍 천내리 188번지,27710,25021,0,188,0,202008,대구광역시 달성군 화원로7길 47,1,2.77104E+11,0,47,0,175
20,대구광역시 달성군 화원읍 천내리 22번지,27710,25021,0,22,0,202008,대구광역시 달성군 화원로1길 60-18,1,2.77104E+11,0,60,18,117
21,대구광역시 달성군 화원읍 천내리 233-3번지,27710,25021,0,233,3,202008,대구광역시 달성군 화원로7길 83,1,2.77104E+11,0,83,0,1541
22,대구광역시 달성군 화원읍 천내리 233-7번지,27710,25021,0,233,7,202008,대구광역시 달성군 화원로7길 69,1,2.77104E+11,0,69,0,94
23,대구광역시 달성군 화원읍 천내리 256-6번지,27710,25021,0,256,6,202008,대구광역시 달성군 비슬로 2555,1,2.77103E+11,0,2555,0,292
24,대구광역시 달성군 화원읍 천내리 258-2번지,27710,25021,0,258,2,202008,대구광역시 달성군 비슬로 2553,1,2.77103E+11,0,2553,0,350
25,대구광역시 달성군 화원읍 천내리 26-5번지,27710,25021,0,26,5,202008,대구광역시 달성군 화원로1길 40,1,2.77104E+11,0,40,0,1309
26,대구광역시 달성군 화원읍 천내리 340번지,27710,25021,0,340,0,202008,대구광역시 달성군 비슬로509길 26,1,2.77104E+11,0,26,0,700
27,대구광역시 달성군 화원읍 천내리 346번지,27710,25021,0,346,0,202008,,1,,,,,49043
28,대구광역시 달성군 화원읍 천내리 378-1번지,27710,25021,0,378,1,202008,대구광역시 달성군 비슬로512길 36,1,2.77104E+11,0,36,0,455
29,대구광역시 달성군 화원읍 천내리 379-1번지,27710,25021,0,379,1,202008,대구광역시 달성군 비슬로512길 44,1,2.77104E+11,0,44,0,304
30,대구광역시 달성군 화원읍 천내리 384-10번지,27710,25021,0,384,10,202008,대구광역시 달성군 비슬로512길 57-5,1,2.77104E+11,0,57,5,199
31,대구광역시 달성군 화원읍 천내리 384-9번지,27710,25021,0,384,9,202008,대구광역시 달성군 비슬로512길 57-7,1,2.77104E+11,0,57,7,117
32,대구광역시 달성군 화원읍 천내리 386번지,27710,25021,0,386,0,202008,대구광역시 달성군 비슬로516길 54,1,2.77104E+11,0,54,0,3841
33,대구광역시 달성군 화원읍 천내리 389-1번지,27710,25021,0,389,1,202008,대구광역시 달성군 비슬로516길 26,1,2.77104E+11,0,26,0,58
34,대구광역시 달성군 화원읍 천내리 38번지,27710,25021,0,38,0,202008,대구광역시 달성군 화원로1길 15-7,1,2.77104E+11,0,15,7,128
35,대구광역시 달성군 화원읍 천내리 402-1번지,27710,25021,0,402,1,202008,대구광역시 달성군 비슬로 2568-3,1,2.77103E+11,0,2568,3,36049
36,대구광역시 달성군 화원읍 천내리 40번지,27710,25021,0,40,0,202008,대구광역시 달성군 비슬로 2579-6,1,2.77103E+11,0,2579,6,350
37,대구광역시 달성군 화원읍 천내리 415-3번지,27710,25021,0,415,3,202008,대구광역시 달성군 비슬로 2574,1,2.77103E+11,0,2574,0,117
38,대구광역시 달성군 화원읍 천내리 415-4번지,27710,25021,0,415,4,202008,대구광역시 달성군 비슬로 2570,1,2.77103E+11,0,2570,0,327
39,대구광역시 달성군 화원읍 천내리 417번지,27710,25021,0,417,0,202008,대구광역시 달성군 비슬로 2580,1,2.77103E+11,0,2580,0,13702
40,대구광역시 달성군 화원읍 천내리 418-1번지,27710,25021,0,418,1,202008,대구광역시 달성군 비슬로 2576,1,2.77103E+11,0,2576,0,829
41,대구광역시 달성군 화원읍 천내리 42-1번지,27710,25021,0,42,1,202008,대구광역시 달성군 비슬로525길 21,1,2.77104E+11,0,21,0,46357
42,대구광역시 달성군 화원읍 천내리 45-10번지,27710,25021,0,45,10,202008,대구광역시 달성군 화원로 2,1,2.77103E+11,0,2,0,186
43,대구광역시 달성군 화원읍 천내리 45-1번지,27710,25021,0,45,1,202008,대구광역시 달성군 비슬로523길 3-29,1,2.77104E+11,0,3,29,2487
44,대구광역시 달성군 화원읍 천내리 45-7번지,27710,25021,0,45,7,202008,대구광역시 달성군 비슬로 2607,1,2.77103E+11,0,2607,0,607
45,대구광역시 달성군 화원읍 천내리 452-1번지,27710,25021,0,452,1,202008,대구광역시 달성군 비슬로522길 33,1,2.77104E+11,0,33,0,105
46,대구광역시 달성군 화원읍 천내리 46-10번지,27710,25021,0,46,10,202008,대구광역시 달성군 비슬로 2609-1,1,2.77103E+11,0,2609,1,3199
47,대구광역시 달성군 화원읍 천내리 46-11번지,27710,25021,0,46,11,202008,대구광역시 달성군 비슬로 2609,1,2.77103E+11,0,2609,0,199
48,대구광역시 달성군 화원읍 천내리 46-6번지,27710,25021,0,46,6,202008,대구광역시 달성군 비슬로523길 1,1,2.77104E+11,0,1,0,233
49,대구광역시 달성군 화원읍 천내리 472번지,27710,25021,0,472,0,202008,대구광역시 달성군 비슬로 2624,1,2.77103E+11,0,2624,0,237348
50,대구광역시 달성군 화원읍 천내리 51-8번지,27710,25021,0,51,8,202008,대구광역시 달성군 비슬로525길 7-3,1,2.77104E+11,0,7,3,140
51,대구광역시 달성군 화원읍 천내리 527번지,27710,25021,0,527,0,202008,대구광역시 달성군 비슬로520길 39,1,2.77104E+11,0,39,0,315
52,대구광역시 달성군 화원읍 천내리 53-15번지,27710,25021,0,53,15,202008,대구광역시 달성군 비슬로 2617,1,2.77103E+11,0,2617,0,8417
53,대구광역시 달성군 화원읍 천내리 536-1번지,27710,25021,0,536,1,202008,대구광역시 달성군 명천로27길 7,1,2.77104E+11,0,7,0,222
54,대구광역시 달성군 화원읍 천내리 732-3번지,27710,25021,0,732,3,202008,대구광역시 달성군 명천로21길 68,1,2.77104E+11,0,68,0,70
55,대구광역시 달성군 화원읍 천내리 742번지,27710,25021,0,742,0,202008,대구광역시 달성군 명천로27길 16-23,1,2.77104E+11,0,16,23,187
56,대구광역시 달성군 화원읍 천내리 757-1번지,27710,25021,0,757,1,202008,대구광역시 달성군 인흥길 73,1,2.77104E+11,0,73,0,2708
57,대구광역시 달성군 화원읍 천내리 761-1번지,27710,25021,0,761,1,202008,대구광역시 달성군 명천로31길 14-4,1,2.77104E+11,0,14,4,315
58,대구광역시 달성군 화원읍 천내리 797번지,27710,25021,0,797,0,202008,대구광역시 달성군 명천로 142,1,2.77103E+11,0,142,0,1401
59,대구광역시 달성군 화원읍 천내리 822번지,27710,25021,0,822,0,202008,대구광역시 달성군 명천로 146,1,2.77103E+11,0,146,0,2686
60,대구광역시 달성군 화원읍 천내리 823-1번지,27710,25021,0,823,1,202008,대구광역시 달성군 명천로 150,1,2.77103E+11,0,150,0,2183
61,대구광역시 달성군 화원읍 천내리 837-5번지,27710,25021,0,837,5,202008,대구광역시 달성군 명천로 158,1,2.77103E+11,0,158,0,93
62,대구광역시 달성군 화원읍 천내리 872-2번지,27710,25021,0,872,2,202008,대구광역시 달성군 비슬로512길 88-8,1,2.77104E+11,0,88,8,525
63,대구광역시 달성군 화원읍 천내리 888-4번지,27710,25021,0,888,4,202008,대구광역시 달성군 명천로33길 24,1,2.77104E+11,0,24,0,245
64,대구광역시 달성군 화원읍 천내리 888-8번지,27710,25021,0,888,8,202008,대구광역시 달성군 명천로33길 12,1,2.77104E+11,0,12,0,175
65,대구광역시 달성군 화원읍 천내리 891번지,27710,25021,0,891,0,202008,대구광역시 달성군 명천로 167,1,2.77103E+11,0,167,0,245
66,대구광역시 달성군 화원읍 천내리 892-6번지,27710,25021,0,892,6,202008,대구광역시 달성군 비슬로512길 58-2,1,2.77104E+11,0,58,2,2487
67,대구광역시 달성군 화원읍 천내리 901-35번지,27710,25021,0,901,35,202008,대구광역시 달성군 인흥길 21,1,2.77104E+11,0,21,0,2569
68,대구광역시 달성군 화원읍 천내리 901-67번지,27710,25021,0,901,67,202008,대구광역시 달성군 명천로 171,1,2.77103E+11,0,171,0,269
69,대구광역시 달성군 화원읍 천내리 901-74번지,27710,25021,0,901,74,202008,대구광역시 달성군 인흥길 45,1,2.77104E+11,0,45,0,537
70,대구광역시 달성군 화원읍 천내리 901-98번지,27710,25021,0,901,98,202008,대구광역시 달성군 인흥길 41,1,2.77104E+11,0,41,0,257
71,대구광역시 달성군 화원읍 천내리 918번지,27710,25021,0,918,0,202008,대구광역시 달성군 비슬로 2545,1,2.77103E+11,0,2545,0,192234
72,대구광역시 달성군 화원읍 구라리 1557번지,27710,25022,0,1557,0,202008,대구광역시 달성군 성천로 192,1,2.77103E+11,0,192,0,4262
73,대구광역시 달성군 화원읍 구라리 1650번지,27710,25022,0,1650,0,202008,대구광역시 달성군 비슬로539길 35,1,2.77104E+11,0,35,0,160252
74,대구광역시 달성군 화원읍 구라리 1722번지,27710,25022,0,1722,0,202008,대구광역시 달성군 비슬로539길 38,1,2.77104E+11,0,38,0,97584
75,대구광역시 달성군 화원읍 구라리 1730-1번지,27710,25022,0,1730,1,202008,대구광역시 달성군 비슬로539길 26,1,2.77104E+11,0,26,0,747
76,대구광역시 달성군 화원읍 구라리 1734-2번지,27710,25022,0,1734,2,202008,대구광역시 달성군 비슬로 2681,1,2.77103E+11,0,2681,0,34534
77,대구광역시 달성군 화원읍 구라리 1735-14번지,27710,25022,0,1735,14,202008,대구광역시 달성군 비슬로 2701,1,2.77103E+11,0,2701,0,4447
78,대구광역시 달성군 화원읍 성산리 487-11번지,27710,25023,0,487,11,202008,대구광역시 달성군 비슬로 2525,1,2.77103E+11,0,2525,0,213544
79,대구광역시 달성군 화원읍 성산리 492-3번지,27710,25023,0,492,3,202008,대구광역시 달성군 성화로4길 8-8,1,2.77104E+11,0,8,8,633
80,대구광역시 달성군 화원읍 성산리 493-27번지,27710,25023,0,493,27,202008,대구광역시 달성군 성화로4길 11,1,2.77104E+11,0,11,0,8542
81,대구광역시 달성군 화원읍 성산리 493-29번지,27710,25023,0,493,29,202008,대구광역시 달성군 성화로6길 22,1,2.77104E+11,0,22,0,234
82,대구광역시 달성군 화원읍 성산리 501-2번지,27710,25023,0,501,2,202008,대구광역시 달성군 성화로4길 8,1,2.77104E+11,0,8,0,712
83,대구광역시 달성군 화원읍 성산리 501-5번지,27710,25023,0,501,5,202008,대구광역시 달성군 성화로4길 2,1,2.77104E+11,0,2,0,595
84,대구광역시 달성군 화원읍 성산리 505번지,27710,25023,0,505,0,202008,대구광역시 달성군 성화로6길 5,1,2.77104E+11,0,5,0,64568
85,대구광역시 달성군 화원읍 성산리 507-7번지,27710,25023,0,507,7,202008,대구광역시 달성군 성화로6길 6,1,2.77104E+11,0,6,0,93
86,대구광역시 달성군 화원읍 성산리 510번지,27710,25023,0,510,0,202008,대구광역시 달성군 성화로6길 8-3,1,2.77104E+11,0,8,3,93
87,대구광역시 달성군 화원읍 성산리 512-12번지,27710,25023,0,512,12,202008,대구광역시 달성군 성화로 14,1,2.77103E+11,0,14,0,210
88,대구광역시 달성군 화원읍 성산리 512-7번지,27710,25023,0,512,7,202008,대구광역시 달성군 성화로4길 3,1,2.77104E+11,0,3,0,1237
89,대구광역시 달성군 화원읍 성산리 514-4번지,27710,25023,0,514,4,202008,대구광역시 달성군 성화로 20,1,2.77103E+11,0,20,0,362
90,대구광역시 달성군 화원읍 성산리 516-1번지,27710,25023,0,516,1,202008,대구광역시 달성군 성화로 24-1,1,2.77103E+11,0,24,1,257
91,대구광역시 달성군 화원읍 성산리 55번지,27710,25023,0,55,0,202008,대구광역시 달성군 사문진로 349,1,2.77103E+11,0,349,0,91664
92,대구광역시 달성군 화원읍 설화리 535-4번지,27710,25024,0,535,4,202008,대구광역시 달성군 비슬로491길 15,1,2.77104E+11,0,15,0,198
93,대구광역시 달성군 화원읍 설화리 553-13번지,27710,25024,0,553,13,202008,대구광역시 달성군 비슬로 2458,1,2.77103E+11,0,2458,0,20083
94,대구광역시 달성군 화원읍 설화리 553-41번지,27710,25024,0,553,41,202008,대구광역시 달성군 성천로 5,1,2.77103E+11,0,5,0,48237
95,대구광역시 달성군 화원읍 설화리 553-46번지,27710,25024,0,553,46,202008,대구광역시 달성군 비슬로 2453,1,2.77103E+11,0,2453,0,175
96,대구광역시 달성군 화원읍 설화리 555번지,27710,25024,0,555,0,202008,대구광역시 달성군 성천로 9,1,2.77103E+11,0,9,0,307102
97,대구광역시 달성군 화원읍 명곡리 101번지,27710,25025,0,101,0,202008,대구광역시 달성군 명천로 231,1,2.77103E+11,0,231,0,112518
98,대구광역시 달성군 화원읍 명곡리 102번지,27710,25025,0,102,0,202008,대구광역시 달성군 명곡로 4,1,2.77103E+11,0,4,0,924
99,대구광역시 달성군 화원읍 명곡리 110-1번지,27710,25025,0,110,1,202008,대구광역시 달성군 화암로 65,1,2.77103E+11,0,65,0,6620
100,대구광역시 달성군 화원읍 명곡리 110-2번지,27710,25025,0,110,2,202008,대구광역시 달성군 화암로 67,1,2.77103E+11,0,67,0,4238
101,대구광역시 달성군 화원읍 명곡리 110-3번지,27710,25025,0,110,3,202008,대구광역시 달성군 화암로 69,1,2.77103E+11,0,69,0,13227
102,대구광역시 달성군 화원읍 명곡리 110-4번지,27710,25025,0,110,4,202008,대구광역시 달성군 화암로 71,1,2.77103E+11,0,71,0,3782
103,대구광역시 달성군 화원읍 명곡리 110-5번지,27710,25025,0,110,5,202008,대구광역시 달성군 명곡로 16,1,2.77103E+11,0,16,0,1786
104,대구광역시 달성군 화원읍 명곡리 110-6번지,27710,25025,0,110,6,202008,대구광역시 달성군 명곡로 14,1,2.77103E+11,0,14,0,152
105,대구광역시 달성군 화원읍 명곡리 110번지,27710,25025,0,110,0,202008,대구광역시 달성군 화암로 63,1,2.77103E+11,0,63,0,1962
106,대구광역시 달성군 화원읍 명곡리 112번지,27710,25025,0,112,0,202008,대구광역시 달성군 명곡로 11,1,2.77103E+11,0,11,0,654
107,대구광역시 달성군 화원읍 명곡리 113번지,27710,25025,0,113,0,202008,대구광역시 달성군 명천로 181,1,2.77103E+11,0,181,0,8764
108,대구광역시 달성군 화원읍 명곡리 121-10번지,27710,25025,0,121,10,202008,대구광역시 달성군 명천로 190,1,2.77103E+11,0,190,0,4121
109,대구광역시 달성군 화원읍 명곡리 121-1번지,27710,25025,0,121,1,202008,대구광역시 달성군 명천로 188,1,2.77103E+11,0,188,0,47
110,대구광역시 달성군 화원읍 명곡리 121번지,27710,25025,0,121,0,202008,대구광역시 달성군 명천로 192,1,2.77103E+11,0,192,0,3921
111,대구광역시 달성군 화원읍 명곡리 130번지,27710,25025,0,130,0,202008,대구광역시 달성군 명곡로 30,1,2.77103E+11,0,30,0,444
112,대구광역시 달성군 화원읍 명곡리 132번지,27710,25025,0,132,0,202008,대구광역시 달성군 명곡로 40,1,2.77103E+11,0,40,0,5336
113,대구광역시 달성군 화원읍 명곡리 139번지,27710,25025,0,139,0,202008,대구광역시 달성군 화암로 120,1,2.77103E+11,0,120,0,78937
114,대구광역시 달성군 화원읍 명곡리 172번지,27710,25025,0,172,0,202008,대구광역시 달성군 비슬로502길 10-8,1,2.77104E+11,0,10,8,409
115,대구광역시 달성군 화원읍 명곡리 174-2번지,27710,25025,0,174,2,202008,대구광역시 달성군 비슬로500길 7,1,2.77104E+11,0,7,0,82
116,대구광역시 달성군 화원읍 명곡리 182번지,27710,25025,0,182,0,202008,대구광역시 달성군 비슬로502길 8,1,2.77104E+11,0,8,0,35
117,대구광역시 달성군 화원읍 명곡리 198-3번지,27710,25025,0,198,3,202008,대구광역시 달성군 성화로 13,1,2.77103E+11,0,13,0,362
118,대구광역시 달성군 화원읍 명곡리 198-4번지,27710,25025,0,198,4,202008,대구광역시 달성군 성화로 11,1,2.77103E+11,0,11,0,315
119,대구광역시 달성군 화원읍 명곡리 215-5번지,27710,25025,0,215,5,202008,대구광역시 달성군 비슬로500길 10,1,2.77104E+11,0,10,0,362
120,대구광역시 달성군 화원읍 명곡리 216-6번지,27710,25025,0,216,6,202008,대구광역시 달성군 명천로 258,1,2.77103E+11,0,258,0,981
121,대구광역시 달성군 화원읍 명곡리 217-3번지,27710,25025,0,217,3,202008,대구광역시 달성군 비슬로500길 13,1,2.77104E+11,0,13,0,269
122,대구광역시 달성군 화원읍 명곡리 220번지,27710,25025,0,220,0,202008,대구광역시 달성군 명천로 243,1,2.77103E+11,0,243,0,83498
123,대구광역시 달성군 화원읍 명곡리 229-3번지,27710,25025,0,229,3,202008,대구광역시 달성군 비슬로502길 10-3,1,2.77104E+11,0,10,3,280
124,대구광역시 달성군 화원읍 명곡리 230-14번지,27710,25025,0,230,14,202008,대구광역시 달성군 비슬로 2528,1,2.77103E+11,0,2528,0,12434
125,대구광역시 달성군 화원읍 명곡리 232번지,27710,25025,0,232,0,202008,대구광역시 달성군 비슬로506길 5,1,2.77104E+11,0,5,0,257
126,대구광역시 달성군 화원읍 명곡리 235번지,27710,25025,0,235,0,202008,대구광역시 달성군 비슬로506길 7,1,2.77104E+11,0,7,0,257
127,대구광역시 달성군 화원읍 명곡리 244-3번지,27710,25025,0,244,3,202008,대구광역시 달성군 명천로 212,1,2.77103E+11,0,212,0,234
128,대구광역시 달성군 화원읍 명곡리 244-4번지,27710,25025,0,244,4,202008,대구광역시 달성군 명천로 214,1,2.77103E+11,0,214,0,444
129,대구광역시 달성군 화원읍 명곡리 253번지,27710,25025,0,253,0,202008,대구광역시 달성군 명천로 255,1,2.77103E+11,0,255,0,5079
130,대구광역시 달성군 화원읍 명곡리 254번지,27710,25025,0,254,0,202008,대구광역시 달성군 명천로 257,1,2.77103E+11,0,257,0,543
131,대구광역시 달성군 화원읍 명곡리 261번지,27710,25025,0,261,0,202008,대구광역시 달성군 비슬로506길 14,1,2.77104E+11,0,14,0,8955
132,대구광역시 달성군 화원읍 명곡리 269-1번지,27710,25025,0,269,1,202008,대구광역시 달성군 명천로 224,1,2.77103E+11,0,224,0,2732
133,대구광역시 달성군 화원읍 명곡리 269-2번지,27710,25025,0,269,2,202008,대구광역시 달성군 명천로 222,1,2.77103E+11,0,222,0,525
134,대구광역시 달성군 화원읍 명곡리 295-1번지,27710,25025,0,295,1,202008,대구광역시 달성군 명천로 226,1,2.77103E+11,0,226,0,4904
135,대구광역시 달성군 화원읍 본리리 1-1번지,27710,25026,0,1,1,202008,대구광역시 달성군 비슬로 2658,1,2.77103E+11,0,2658,0,16864
136,대구광역시 달성군 화원읍 본리리 1-2번지,27710,25026,0,1,2,202008,대구광역시 달성군 비슬로 2674,1,2.77103E+11,0,2674,0,40954
137,대구광역시 달성군 화원읍 본리리 104-1번지,27710,25026,0,104,1,202008,대구광역시 달성군 성암로 38,1,2.77103E+11,0,38,0,10383
138,대구광역시 달성군 화원읍 본리리 104-2번지,27710,25026,0,104,2,202008,대구광역시 달성군 성암로 48,1,2.77103E+11,0,48,0,7339
139,대구광역시 달성군 화원읍 본리리 108-2번지,27710,25026,0,108,2,202008,대구광역시 달성군 성암로1길 46,1,2.77104E+11,0,46,0,1378
140,대구광역시 달성군 화원읍 본리리 11-4번지,27710,25026,0,11,4,202008,대구광역시 달성군 비슬로530길 15-12,1,2.77104E+11,0,15,12,841
141,대구광역시 달성군 화원읍 본리리 110-6번지,27710,25026,0,110,6,202008,대구광역시 달성군 성암로1길 69,1,2.77104E+11,0,69,0,2043
142,대구광역시 달성군 화원읍 본리리 113-1번지,27710,25026,0,113,1,202008,대구광역시 달성군 명천로 57,1,2.77103E+11,0,57,0,1088
143,대구광역시 달성군 화원읍 본리리 113-2번지,27710,25026,0,113,2,202008,대구광역시 달성군 성암로 25,1,2.77103E+11,0,25,0,50219
144,대구광역시 달성군 화원읍 본리리 11번지,27710,25026,0,11,0,202008,대구광역시 달성군 비슬로530길 15-11,1,2.77104E+11,0,15,11,187
145,대구광역시 달성군 화원읍 본리리 12번지,27710,25026,0,12,0,202008,대구광역시 달성군 비슬로 2648,1,2.77103E+11,0,2648,0,292
146,대구광역시 달성군 화원읍 본리리 20번지,27710,25026,0,20,0,202008,대구광역시 달성군 비슬로530길 24,1,2.77104E+11,0,24,0,93
147,대구광역시 달성군 화원읍 본리리 44번지,27710,25026,0,44,0,202008,대구광역시 달성군 비슬로530길 29-15,1,2.77104E+11,0,29,15,48227
148,대구광역시 달성군 화원읍 본리리 85번지,27710,25026,0,85,0,202008,대구광역시 달성군 명천로 58,1,2.77103E+11,0,58,0,228435
149,대구광역시 달성군 논공읍 금포리 1313번지,27710,25322,0,1313,0,202008,대구광역시 달성군 달성군청로 33,1,2.77103E+11,0,33,0,11263
150,대구광역시 달성군 논공읍 금포리 1630번지,27710,25322,0,1630,0,202008,,1,,,,,99677
151,대구광역시 달성군 논공읍 위천리 155-3번지,27710,25324,0,155,3,202008,대구광역시 달성군 비슬로 1556,1,2.77103E+11,0,1556,0,42416
152,대구광역시 달성군 논공읍 남리 1074번지,27710,25327,0,1074,0,202008,대구광역시 달성군 논공로9길 38,1,2.77104E+11,0,38,0,793
153,대구광역시 달성군 논공읍 남리 1081번지,27710,25327,0,1081,0,202008,대구광역시 달성군 논공로15길 29,1,2.77104E+11,0,29,0,116
154,대구광역시 달성군 논공읍 남리 1106번지,27710,25327,0,1106,0,202008,대구광역시 달성군 논공로9길 26,1,2.77104E+11,0,26,0,583
155,대구광역시 달성군 논공읍 남리 1107-1번지,27710,25327,0,1107,1,202008,대구광역시 달성군 논공로9길 22-3,1,2.77104E+11,0,22,3,58
156,대구광역시 달성군 논공읍 남리 1115번지,27710,25327,0,1115,0,202008,대구광역시 달성군 논공로9길 16-3,1,2.77104E+11,0,16,3,70
157,대구광역시 달성군 논공읍 남리 1119번지,27710,25327,0,1119,0,202008,대구광역시 달성군 논공로11길 18,1,2.77104E+11,0,18,0,10029
158,대구광역시 달성군 논공읍 남리 1129번지,27710,25327,0,1129,0,202008,대구광역시 달성군 논공로5길 77,1,2.77104E+11,0,77,0,105
159,대구광역시 달성군 논공읍 남리 1141-16번지,27710,25327,0,1141,16,202008,대구광역시 달성군 논공로11길 6-5,1,2.77104E+11,0,6,5,315
160,대구광역시 달성군 논공읍 남리 1141-17번지,27710,25327,0,1141,17,202008,대구광역시 달성군 논공로11길 6-1,1,2.77104E+11,0,6,1,2429
161,대구광역시 달성군 논공읍 남리 1141-7번지,27710,25327,0,1141,7,202008,대구광역시 달성군 논공로5길 102,1,2.77104E+11,0,102,0,408
162,대구광역시 달성군 논공읍 남리 1142-7번지,27710,25327,0,1142,7,202008,대구광역시 달성군 논공로15길 3,1,2.77104E+11,0,3,0,7604
163,대구광역시 달성군 논공읍 남리 137-17번지,27710,25327,0,137,17,202008,대구광역시 달성군 논공로 848-9,1,2.77103E+11,0,848,9,82
164,대구광역시 달성군 논공읍 남리 137-43번지,27710,25327,0,137,43,202008,대구광역시 달성군 논공로5길 13,1,2.77104E+11,0,13,0,93
165,대구광역시 달성군 논공읍 남리 224-115번지,27710,25327,0,224,115,202008,대구광역시 달성군 논공로 814,1,2.77103E+11,0,814,0,10518
166,대구광역시 달성군 논공읍 남리 224-55번지,27710,25327,0,224,55,202008,대구광역시 달성군 논공로9길 9,1,2.77104E+11,0,9,0,105
167,대구광역시 달성군 논공읍 남리 224-72번지,27710,25327,0,224,72,202008,대구광역시 달성군 논공로5길 63,1,2.77104E+11,0,63,0,245
168,대구광역시 달성군 논공읍 남리 241-1번지,27710,25327,0,241,1,202008,대구광역시 달성군 비슬로208길 33,1,2.77104E+11,0,33,0,292
169,대구광역시 달성군 논공읍 남리 252-1번지,27710,25327,0,252,1,202008,대구광역시 달성군 논공로7길 21,1,2.77104E+11,0,21,0,2521
170,대구광역시 달성군 논공읍 남리 318번지,27710,25327,0,318,0,202008,대구광역시 달성군 논공로7길 43,1,2.77104E+11,0,43,0,12353
171,대구광역시 달성군 논공읍 남리 328번지,27710,25327,0,328,0,202008,대구광역시 달성군 논공로7길 41,1,2.77104E+11,0,41,0,7520
172,대구광역시 달성군 논공읍 남리 331-1번지,27710,25327,0,331,1,202008,대구광역시 달성군 논공로7길 39,1,2.77104E+11,0,39,0,198
173,대구광역시 달성군 논공읍 남리 571-10번지,27710,25327,0,571,10,202008,대구광역시 달성군 남리길 10,1,2.77104E+11,0,10,0,398
174,대구광역시 달성군 논공읍 남리 571-13번지,27710,25327,0,571,13,202008,대구광역시 달성군 남리길 3,1,2.77104E+11,0,3,0,420
175,대구광역시 달성군 논공읍 남리 573-2번지,27710,25327,0,573,2,202008,대구광역시 달성군 남리길 7,1,2.77104E+11,0,7,0,61977
176,대구광역시 달성군 논공읍 남리 577-43번지,27710,25327,0,577,43,202008,대구광역시 달성군 논공중앙로22길 16,1,2.77104E+11,0,16,0,1553
177,대구광역시 달성군 논공읍 남리 577-4번지,27710,25327,0,577,4,202008,대구광역시 달성군 남리1길 5,1,2.77104E+11,0,5,0,514
178,대구광역시 달성군 논공읍 남리 577-59번지,27710,25327,0,577,59,202008,대구광역시 달성군 남리길 29,1,2.77104E+11,0,29,0,70
179,대구광역시 달성군 논공읍 남리 577-62번지,27710,25327,0,577,62,202008,대구광역시 달성군 남리길 32-5,1,2.77104E+11,0,32,5,1016
180,대구광역시 달성군 논공읍 남리 577-64번지,27710,25327,0,577,64,202008,대구광역시 달성군 남리길 32-6,1,2.77104E+11,0,32,6,630
181,대구광역시 달성군 논공읍 남리 615-5번지,27710,25327,0,615,5,202008,대구광역시 달성군 논공중앙로22길 36,1,2.77104E+11,0,36,0,46963
182,대구광역시 달성군 논공읍 남리 636-3번지,27710,25327,0,636,3,202008,대구광역시 달성군 남리길 43,1,2.77104E+11,0,43,0,245
183,대구광역시 달성군 논공읍 남리 653번지,27710,25327,0,653,0,202008,대구광역시 달성군 남리3길 8,1,2.77104E+11,0,8,0,455
184,대구광역시 달성군 논공읍 남리 717-2번지,27710,25327,0,717,2,202008,대구광역시 달성군 논공로 210,1,2.77103E+11,0,210,0,185127
185,대구광역시 달성군 논공읍 남리 717-3번지,27710,25327,0,717,3,202008,대구광역시 달성군 논공로 226,1,2.77103E+11,0,226,0,4062
186,대구광역시 달성군 논공읍 북리 1-95번지,27710,25328,0,1,95,202008,대구광역시 달성군 논공중앙로33길 5,1,2.77104E+11,0,5,0,4156
187,대구광역시 달성군 논공읍 북리 474-25번지,27710,25328,0,474,25,202008,대구광역시 달성군 북리1길 16-3,1,2.77104E+11,0,16,3,431
188,대구광역시 달성군 논공읍 북리 474-27번지,27710,25328,0,474,27,202008,대구광역시 달성군 논공중앙로30길 10,1,2.77104E+11,0,10,0,106
189,대구광역시 달성군 논공읍 북리 486-13번지,27710,25328,0,486,13,202008,대구광역시 달성군 논공중앙로30길 9,1,2.77104E+11,0,9,0,619
190,대구광역시 달성군 논공읍 북리 486-1번지,27710,25328,0,486,1,202008,대구광역시 달성군 논공중앙로30길 5,1,2.77104E+11,0,5,0,654
191,대구광역시 달성군 논공읍 북리 580-6번지,27710,25328,0,580,6,202008,,1,,,,,58123
192,대구광역시 달성군 논공읍 북리 803-101번지,27710,25328,0,803,101,202008,대구광역시 달성군 논공로23길 11,1,2.77104E+11,0,11,0,222
193,대구광역시 달성군 논공읍 북리 803-104번지,27710,25328,0,803,104,202008,대구광역시 달성군 논공로5길 183,1,2.77104E+11,0,183,0,12
194,대구광역시 달성군 논공읍 북리 803-105번지,27710,25328,0,803,105,202008,대구광역시 달성군 논공로5길 175,1,2.77104E+11,0,175,0,1425
195,대구광역시 달성군 논공읍 북리 803-122번지,27710,25328,0,803,122,202008,대구광역시 달성군 논공로5길 134,1,2.77104E+11,0,134,0,759
196,대구광역시 달성군 논공읍 북리 803-127번지,27710,25328,0,803,127,202008,대구광역시 달성군 논공로5길 148,1,2.77104E+11,0,148,0,257
197,대구광역시 달성군 논공읍 북리 803-128번지,27710,25328,0,803,128,202008,대구광역시 달성군 논공로5길 150,1,2.77104E+11,0,150,0,2474
198,대구광역시 달성군 논공읍 북리 803-129번지,27710,25328,0,803,129,202008,대구광역시 달성군 논공로5길 152,1,2.77104E+11,0,152,0,467
199,대구광역시 달성군 논공읍 북리 803-136번지,27710,25328,0,803,136,202008,대구광역시 달성군 논공로17길 6-7,1,2.77104E+11,0,6,7,1401
200,대구광역시 달성군 논공읍 북리 803-139번지,27710,25328,0,803,139,202008,대구광역시 달성군 논공로9길 85,1,2.77104E+11,0,85,0,1693
201,대구광역시 달성군 논공읍 북리 803-142번지,27710,25328,0,803,142,202008,대구광역시 달성군 논공로5길 168,1,2.77104E+11,0,168,0,3714
202,대구광역시 달성군 논공읍 북리 803-144번지,27710,25328,0,803,144,202008,대구광역시 달성군 논공로9길 89-9,1,2.77104E+11,0,89,9,1647
203,대구광역시 달성군 논공읍 북리 803-146번지,27710,25328,0,803,146,202008,대구광역시 달성군 논공로9길 87,1,2.77104E+11,0,87,0,1284
204,대구광역시 달성군 논공읍 북리 803-148번지,27710,25328,0,803,148,202008,대구광역시 달성군 논공로5길 178,1,2.77104E+11,0,178,0,829
205,대구광역시 달성군 논공읍 북리 803-152번지,27710,25328,0,803,152,202008,대구광역시 달성군 논공로23길 7-1,1,2.77104E+11,0,7,1,327
206,대구광역시 달성군 논공읍 북리 803-160번지,27710,25328,0,803,160,202008,대구광역시 달성군 논공로5길 198,1,2.77104E+11,0,198,0,525
207,대구광역시 달성군 논공읍 북리 803-161번지,27710,25328,0,803,161,202008,대구광역시 달성군 논공로5길 200,1,2.77104E+11,0,200,0,584
208,대구광역시 달성군 논공읍 북리 803-165번지,27710,25328,0,803,165,202008,대구광역시 달성군 논공로5길 214,1,2.77104E+11,0,214,0,3841
209,대구광역시 달성군 논공읍 북리 803-168번지,27710,25328,0,803,168,202008,대구광역시 달성군 논공로23길 6-15,1,2.77104E+11,0,6,15,432
210,대구광역시 달성군 논공읍 북리 803-173번지,27710,25328,0,803,173,202008,대구광역시 달성군 논공로9길 89-2,1,2.77104E+11,0,89,2,6106
211,대구광역시 달성군 논공읍 북리 803-187번지,27710,25328,0,803,187,202008,대구광역시 달성군 논공로23길 1,1,2.77104E+11,0,1,0,2978
212,대구광역시 달성군 논공읍 북리 803-204번지,27710,25328,0,803,204,202008,대구광역시 달성군 논공로 738,1,2.77103E+11,0,738,0,4367
213,대구광역시 달성군 논공읍 북리 803-208번지,27710,25328,0,803,208,202008,대구광역시 달성군 논공로 742-1,1,2.77103E+11,0,742,1,1523
214,대구광역시 달성군 논공읍 북리 803-236번지,27710,25328,0,803,236,202008,대구광역시 달성군 논공로27길 12-1,1,2.77104E+11,0,12,1,187
215,대구광역시 달성군 논공읍 북리 803-244번지,27710,25328,0,803,244,202008,대구광역시 달성군 논공로 726,1,2.77103E+11,0,726,0,385
216,대구광역시 달성군 논공읍 북리 803-254번지,27710,25328,0,803,254,202008,대구광역시 달성군 논공로15길 8,1,2.77104E+11,0,8,0,315
217,대구광역시 달성군 논공읍 북리 803-257번지,27710,25328,0,803,257,202008,대구광역시 달성군 논공로5길 120,1,2.77104E+11,0,120,0,304
218,대구광역시 달성군 논공읍 북리 803-265번지,27710,25328,0,803,265,202008,대구광역시 달성군 논공로15길 6-11,1,2.77104E+11,0,6,11,3082
219,대구광역시 달성군 논공읍 북리 803-27번지,27710,25328,0,803,27,202008,대구광역시 달성군 논공로15길 20-9,1,2.77104E+11,0,20,9,12
220,대구광역시 달성군 논공읍 북리 803-292번지,27710,25328,0,803,292,202008,대구광역시 달성군 논공로17길 6-18,1,2.77104E+11,0,6,18,1518
221,대구광역시 달성군 논공읍 북리 803-294번지,27710,25328,0,803,294,202008,대구광역시 달성군 논공로17길 6-22,1,2.77104E+11,0,6,22,117
222,대구광역시 달성군 논공읍 북리 803-313번지,27710,25328,0,803,313,202008,대구광역시 달성군 논공로17길 14,1,2.77104E+11,0,14,0,784
223,대구광역시 달성군 논공읍 북리 803-317번지,27710,25328,0,803,317,202008,대구광역시 달성군 논공로15길 16-15,1,2.77104E+11,0,16,15,140
224,대구광역시 달성군 논공읍 북리 803-32번지,27710,25328,0,803,32,202008,대구광역시 달성군 논공로15길 20-6,1,2.77104E+11,0,20,6,817
225,대구광역시 달성군 논공읍 북리 803-35번지,27710,25328,0,803,35,202008,대구광역시 달성군 논공로15길 20-14,1,2.77104E+11,0,20,14,397
226,대구광역시 달성군 논공읍 북리 803-37번지,27710,25328,0,803,37,202008,대구광역시 달성군 논공로17길 17,1,2.77104E+11,0,17,0,398
227,대구광역시 달성군 논공읍 북리 803-3번지,27710,25328,0,803,3,202008,대구광역시 달성군 논공로21길 15,1,2.77104E+11,0,15,0,41113
228,대구광역시 달성군 논공읍 북리 803-46번지,27710,25328,0,803,46,202008,대구광역시 달성군 논공로15길 16,1,2.77104E+11,0,16,0,946
229,대구광역시 달성군 논공읍 북리 803-4번지,27710,25328,0,803,4,202008,대구광역시 달성군 논공로23길 14,1,2.77104E+11,0,14,0,237017
230,대구광역시 달성군 논공읍 북리 803-50번지,27710,25328,0,803,50,202008,대구광역시 달성군 논공로17길 20-7,1,2.77104E+11,0,20,7,222
231,대구광역시 달성군 논공읍 북리 803-52번지,27710,25328,0,803,52,202008,대구광역시 달성군 논공로17길 20,1,2.77104E+11,0,20,0,93
232,대구광역시 달성군 논공읍 북리 803-58번지,27710,25328,0,803,58,202008,대구광역시 달성군 논공로9길 74,1,2.77104E+11,0,74,0,2626
233,대구광역시 달성군 논공읍 북리 803-64번지,27710,25328,0,803,64,202008,대구광역시 달성군 논공로17길 16-5,1,2.77104E+11,0,16,5,82
234,대구광역시 달성군 논공읍 북리 803-6번지,27710,25328,0,803,6,202008,대구광역시 달성군 논공로9길 54,1,2.77104E+11,0,54,0,117
235,대구광역시 달성군 논공읍 북리 803-71번지,27710,25328,0,803,71,202008,대구광역시 달성군 논공로15길 16-18,1,2.77104E+11,0,16,18,514
236,대구광역시 달성군 논공읍 북리 803-74번지,27710,25328,0,803,74,202008,대구광역시 달성군 논공로5길 121,1,2.77104E+11,0,121,0,1436
237,대구광역시 달성군 논공읍 북리 803-78번지,27710,25328,0,803,78,202008,대구광역시 달성군 논공로17길 16-8,1,2.77104E+11,0,16,8,631
238,대구광역시 달성군 논공읍 북리 803-82번지,27710,25328,0,803,82,202008,대구광역시 달성군 논공로5길 149,1,2.77104E+11,0,149,0,5416
239,대구광역시 달성군 논공읍 북리 803-84번지,27710,25328,0,803,84,202008,대구광역시 달성군 논공로9길 79-4,1,2.77104E+11,0,79,4,7010
240,대구광역시 달성군 논공읍 북리 803-90번지,27710,25328,0,803,90,202008,대구광역시 달성군 논공로5길 163,1,2.77104E+11,0,163,0,583
241,대구광역시 달성군 논공읍 북리 803-91번지,27710,25328,0,803,91,202008,대구광역시 달성군 논공로5길 161,1,2.77104E+11,0,161,0,187
242,대구광역시 달성군 논공읍 북리 803-94번지,27710,25328,0,803,94,202008,대구광역시 달성군 논공로21길 14-4,1,2.77104E+11,0,14,4,981
243,대구광역시 달성군 논공읍 북리 803-95번지,27710,25328,0,803,95,202008,대구광역시 달성군 논공로21길 14-6,1,2.77104E+11,0,14,6,210
244,대구광역시 달성군 논공읍 북리 803번지,27710,25328,0,803,0,202008,대구광역시 달성군 논공로7길 73,1,2.77104E+11,0,73,0,115460
245,대구광역시 달성군 논공읍 북리 824-107번지,27710,25328,0,824,107,202008,대구광역시 달성군 용호로2길 28,1,2.77104E+11,0,28,0,3257
246,대구광역시 달성군 논공읍 북리 824-108번지,27710,25328,0,824,108,202008,대구광역시 달성군 논공로24길 13,1,2.77104E+11,0,13,0,1973
247,대구광역시 달성군 논공읍 북리 824-109번지,27710,25328,0,824,109,202008,대구광역시 달성군 논공로24길 15,1,2.77104E+11,0,15,0,957
248,대구광역시 달성군 논공읍 북리 824-10번지,27710,25328,0,824,10,202008,대구광역시 달성군 논공로 743,1,2.77103E+11,0,743,0,11618
249,대구광역시 달성군 논공읍 북리 824-110번지,27710,25328,0,824,110,202008,대구광역시 달성군 논공로24길 17,1,2.77104E+11,0,17,0,163
250,대구광역시 달성군 논공읍 북리 824-111번지,27710,25328,0,824,111,202008,대구광역시 달성군 논공로24길 17-1,1,2.77104E+11,0,17,1,829
251,대구광역시 달성군 논공읍 북리 824-112번지,27710,25328,0,824,112,202008,대구광역시 달성군 논공로24길 19,1,2.77104E+11,0,19,0,1774
252,대구광역시 달성군 논공읍 북리 824-113번지,27710,25328,0,824,113,202008,대구광역시 달성군 논공로24길 19-1,1,2.77104E+11,0,19,1,280
253,대구광역시 달성군 논공읍 북리 824-121번지,27710,25328,0,824,121,202008,대구광역시 달성군 논공로24길 27-9,1,2.77104E+11,0,27,9,538
254,대구광역시 달성군 논공읍 북리 824-122번지,27710,25328,0,824,122,202008,대구광역시 달성군 용호로1길 24,1,2.77104E+11,0,24,0,700
255,대구광역시 달성군 논공읍 북리 824-151번지,27710,25328,0,824,151,202008,대구광역시 달성군 논공로26길 25,1,2.77104E+11,0,25,0,256
256,대구광역시 달성군 논공읍 북리 824-154번지,27710,25328,0,824,154,202008,대구광역시 달성군 논공로26길 33,1,2.77104E+11,0,33,0,117
257,대구광역시 달성군 논공읍 북리 824-163번지,27710,25328,0,824,163,202008,대구광역시 달성군 논공로28길 22,1,2.77104E+11,0,22,0,163
258,대구광역시 달성군 논공읍 북리 824-164번지,27710,25328,0,824,164,202008,대구광역시 달성군 용호로1길 34,1,2.77104E+11,0,34,0,2615
259,대구광역시 달성군 논공읍 북리 824-170번지,27710,25328,0,824,170,202008,대구광역시 달성군 논공로28길 37,1,2.77104E+11,0,37,0,245
260,대구광역시 달성군 논공읍 북리 824-178번지,27710,25328,0,824,178,202008,대구광역시 달성군 용호로 6,1,2.77103E+11,0,6,0,57757
261,대구광역시 달성군 논공읍 북리 824-19번지,27710,25328,0,824,19,202008,대구광역시 달성군 용호로1길 5-7,1,2.77104E+11,0,5,7,140
262,대구광역시 달성군 논공읍 북리 824-21번지,27710,25328,0,824,21,202008,대구광역시 달성군 용호로1길 5,1,2.77104E+11,0,5,0,38177
263,대구광역시 달성군 논공읍 북리 824-22번지,27710,25328,0,824,22,202008,대구광역시 달성군 용호로1길 3,1,2.77104E+11,0,3,0,1401
264,대구광역시 달성군 논공읍 북리 824-28번지,27710,25328,0,824,28,202008,대구광역시 달성군 용호로2길 16,1,2.77104E+11,0,16,0,735
265,대구광역시 달성군 논공읍 북리 824-31번지,27710,25328,0,824,31,202008,대구광역시 달성군 용호로1길 13,1,2.77104E+11,0,13,0,2382
266,대구광역시 달성군 논공읍 북리 824-37번지,27710,25328,0,824,37,202008,대구광역시 달성군 용호로1길 7,1,2.77104E+11,0,7,0,2007
267,대구광역시 달성군 논공읍 북리 824-38번지,27710,25328,0,824,38,202008,대구광역시 달성군 논공로 741,1,2.77103E+11,0,741,0,4682
268,대구광역시 달성군 논공읍 북리 824-49번지,27710,25328,0,824,49,202008,대구광역시 달성군 용호로2길 23-1,1,2.77104E+11,0,23,1,701
269,대구광역시 달성군 논공읍 북리 824-54번지,27710,25328,0,824,54,202008,대구광역시 달성군 논공로26길 3,1,2.77104E+11,0,3,0,1436
270,대구광역시 달성군 논공읍 북리 824-64번지,27710,25328,0,824,64,202008,,1,,,,,2241
271,대구광역시 달성군 논공읍 북리 833-106번지,27710,25328,0,833,106,202008,대구광역시 달성군 논공중앙로30길 3,1,2.77104E+11,0,3,0,47
272,대구광역시 달성군 논공읍 북리 833-173번지,27710,25328,0,833,173,202008,대구광역시 달성군 북리2길 7,1,2.77104E+11,0,7,0,234
273,대구광역시 달성군 논공읍 북리 833-53번지,27710,25328,0,833,53,202008,,1,,,,,1565
274,대구광역시 달성군 논공읍 북리 833-54번지,27710,25328,0,833,54,202008,대구광역시 달성군 북리1길 12,1,2.77104E+11,0,12,0,864
275,대구광역시 달성군 논공읍 북리 833-73번지,27710,25328,0,833,73,202008,대구광역시 달성군 남북리길 23,1,2.77104E+11,0,23,0,759
276,대구광역시 달성군 논공읍 북리 833-99번지,27710,25328,0,833,99,202008,대구광역시 달성군 북리1길 15,1,2.77104E+11,0,15,0,9177
277,대구광역시 달성군 논공읍 북리 834-3번지,27710,25328,0,834,3,202008,대구광역시 달성군 북리2길 10,1,2.77104E+11,0,10,0,1845
278,대구광역시 달성군 논공읍 북리 835-14번지,27710,25328,0,835,14,202008,대구광역시 달성군 북리2길 6-1,1,2.77104E+11,0,6,1,280
279,대구광역시 달성군 논공읍 북리 835-18번지,27710,25328,0,835,18,202008,,1,,,,,58
280,대구광역시 달성군 논공읍 북리 835-1번지,27710,25328,0,835,1,202008,대구광역시 달성군 북리2길 10-10,1,2.77104E+11,0,10,10,82
281,대구광역시 달성군 논공읍 북리 835-62번지,27710,25328,0,835,62,202008,대구광역시 달성군 논공중앙로28길 17,1,2.77104E+11,0,17,0,129
282,대구광역시 달성군 논공읍 본리리 29-121번지,27710,25329,0,29,121,202008,대구광역시 달성군 논공로 542,1,2.77103E+11,0,542,0,15587
283,대구광역시 달성군 논공읍 본리리 29-52번지,27710,25329,0,29,52,202008,대구광역시 달성군 논공로 437,1,2.77103E+11,0,437,0,490
284,대구광역시 달성군 다사읍 방천리 419-26번지,27710,25624,0,419,26,202008,대구광역시 달성군 다사로 750,1,2.77103E+11,0,750,0,80440
285,대구광역시 달성군 다사읍 서재리 100번지,27710,25625,0,100,0,202008,대구광역시 달성군 서재로27길 42,1,2.77104E+11,0,42,0,156871
286,대구광역시 달성군 다사읍 서재리 1068-5번지,27710,25625,0,1068,5,202008,대구광역시 달성군 서재로12길 41-16,1,2.77104E+11,0,41,16,96207
287,대구광역시 달성군 다사읍 서재리 1118번지,27710,25625,0,1118,0,202008,대구광역시 달성군 서재로12길 38,1,2.77104E+11,0,38,0,526
288,대구광역시 달성군 다사읍 서재리 1125번지,27710,25625,0,1125,0,202008,대구광역시 달성군 서재로7길 23,1,2.77104E+11,0,23,0,156334
289,대구광역시 달성군 다사읍 서재리 1131번지,27710,25625,0,1131,0,202008,대구광역시 달성군 서재로7길 25,1,2.77104E+11,0,25,0,306152
290,대구광역시 달성군 다사읍 서재리 121-3번지,27710,25625,0,121,3,202008,대구광역시 달성군 서재본길 4,1,2.77104E+11,0,4,0,327
291,대구광역시 달성군 다사읍 서재리 121번지,27710,25625,0,121,0,202008,대구광역시 달성군 서재로23길 3,1,2.77104E+11,0,3,0,327
292,대구광역시 달성군 다사읍 서재리 134-1번지,27710,25625,0,134,1,202008,대구광역시 달성군 서재로 140,1,2.77103E+11,0,140,0,1833
293,대구광역시 달성군 다사읍 서재리 146-7번지,27710,25625,0,146,7,202008,대구광역시 달성군 서재로28길 39,1,2.77104E+11,0,39,0,56505
294,대구광역시 달성군 다사읍 서재리 169번지,27710,25625,0,169,0,202008,대구광역시 달성군 서재로 120,1,2.77103E+11,0,120,0,103140
295,대구광역시 달성군 다사읍 서재리 196번지,27710,25625,0,196,0,202008,대구광역시 달성군 서재본1길 9-10,1,2.77104E+11,0,9,10,1356
296,대구광역시 달성군 다사읍 서재리 200번지,27710,25625,0,200,0,202008,대구광역시 달성군 서재본1길 11,1,2.77104E+11,0,11,0,607
297,대구광역시 달성군 다사읍 서재리 205번지,27710,25625,0,205,0,202008,대구광역시 달성군 서재본2길 2,1,2.77104E+11,0,2,0,12
298,대구광역시 달성군 다사읍 서재리 207번지,27710,25625,0,207,0,202008,대구광역시 달성군 서재본2길 6,1,2.77104E+11,0,6,0,175
299,대구광역시 달성군 다사읍 서재리 208번지,27710,25625,0,208,0,202008,대구광역시 달성군 서재본2길 10,1,2.77104E+11,0,10,0,1565
300,대구광역시 달성군 다사읍 서재리 217번지,27710,25625,0,217,0,202008,대구광역시 달성군 서재본3길 6-1,1,2.77104E+11,0,6,1,642
301,대구광역시 달성군 다사읍 서재리 219번지,27710,25625,0,219,0,202008,대구광역시 달성군 서재본3길 6,1,2.77104E+11,0,6,0,245
302,대구광역시 달성군 다사읍 서재리 221-1번지,27710,25625,0,221,1,202008,대구광역시 달성군 서재본길 26,1,2.77104E+11,0,26,0,409
303,대구광역시 달성군 다사읍 서재리 221번지,27710,25625,0,221,0,202008,대구광역시 달성군 서재본길 24-3,1,2.77104E+11,0,24,3,105
304,대구광역시 달성군 다사읍 서재리 230번지,27710,25625,0,230,0,202008,대구광역시 달성군 서재로 31,1,2.77103E+11,0,31,0,4985
305,대구광역시 달성군 다사읍 서재리 231번지,27710,25625,0,231,0,202008,대구광역시 달성군 서재로7길 2,1,2.77104E+11,0,2,0,2674
306,대구광역시 달성군 다사읍 서재리 257-1번지,27710,25625,0,257,1,202008,대구광역시 달성군 서재로 108,1,2.77103E+11,0,108,0,175
307,대구광역시 달성군 다사읍 서재리 258-17번지,27710,25625,0,258,17,202008,대구광역시 달성군 서재로 96,1,2.77103E+11,0,96,0,841
308,대구광역시 달성군 다사읍 서재리 258-7번지,27710,25625,0,258,7,202008,대구광역시 달성군 서재로 104,1,2.77103E+11,0,104,0,292
309,대구광역시 달성군 다사읍 서재리 258-9번지,27710,25625,0,258,9,202008,대구광역시 달성군 서재로 100-1,1,2.77103E+11,0,100,1,560
310,대구광역시 달성군 다사읍 서재리 262번지,27710,25625,0,262,0,202008,대구광역시 달성군 서재로 100,1,2.77103E+11,0,100,0,7753
311,대구광역시 달성군 다사읍 서재리 267-8번지,27710,25625,0,267,8,202008,대구광역시 달성군 서재로20길 11,1,2.77104E+11,0,11,0,911
312,대구광역시 달성군 다사읍 서재리 268번지,27710,25625,0,268,0,202008,대구광역시 달성군 서재로20길 8,1,2.77104E+11,0,8,0,467
313,대구광역시 달성군 다사읍 서재리 285-1번지,27710,25625,0,285,1,202008,대구광역시 달성군 서재로20길 20,1,2.77104E+11,0,20,0,129
314,대구광역시 달성군 다사읍 서재리 287-3번지,27710,25625,0,287,3,202008,대구광역시 달성군 서재로20길 21,1,2.77104E+11,0,21,0,374
315,대구광역시 달성군 다사읍 서재리 288번지,27710,25625,0,288,0,202008,대구광역시 달성군 서재로14길 39,1,2.77104E+11,0,39,0,23
316,대구광역시 달성군 다사읍 서재리 292-1번지,27710,25625,0,292,1,202008,대구광역시 달성군 서재로24길 26,1,2.77104E+11,0,26,0,817
317,대구광역시 달성군 다사읍 서재리 292-2번지,27710,25625,0,292,2,202008,대구광역시 달성군 서재로20길 15-2,1,2.77104E+11,0,15,2,269
318,대구광역시 달성군 다사읍 서재리 292번지,27710,25625,0,292,0,202008,대구광역시 달성군 서재로20길 15-6,1,2.77104E+11,0,15,6,175
319,대구광역시 달성군 다사읍 서재리 302번지,27710,25625,0,302,0,202008,대구광역시 달성군 서재로26길 18,1,2.77104E+11,0,18,0,9387
320,대구광역시 달성군 다사읍 서재리 321-1번지,27710,25625,0,321,1,202008,대구광역시 달성군 서재로24길 29,1,2.77104E+11,0,29,0,186769
321,대구광역시 달성군 다사읍 서재리 324번지,27710,25625,0,324,0,202008,대구광역시 달성군 서재로14길 46-5,1,2.77104E+11,0,46,5,93
322,대구광역시 달성군 다사읍 서재리 325-1번지,27710,25625,0,325,1,202008,대구광역시 달성군 서재로14길 44,1,2.77104E+11,0,44,0,58
323,대구광역시 달성군 다사읍 서재리 325-3번지,27710,25625,0,325,3,202008,대구광역시 달성군 서재로14길 40,1,2.77104E+11,0,40,0,374
324,대구광역시 달성군 다사읍 서재리 326번지,27710,25625,0,326,0,202008,대구광역시 달성군 서재로20길 23,1,2.77104E+11,0,23,0,339
325,대구광역시 달성군 다사읍 서재리 327번지,27710,25625,0,327,0,202008,대구광역시 달성군 서재로14길 46-10,1,2.77104E+11,0,46,10,374
326,대구광역시 달성군 다사읍 서재리 329번지,27710,25625,0,329,0,202008,대구광역시 달성군 서재로24길 36-3,1,2.77104E+11,0,36,3,747
327,대구광역시 달성군 다사읍 서재리 32번지,27710,25625,0,32,0,202008,대구광역시 달성군 서재로26길 94,1,2.77104E+11,0,94,0,9167
328,대구광역시 달성군 다사읍 서재리 357번지,27710,25625,0,357,0,202008,대구광역시 달성군 서재로20길 25-16,1,2.77104E+11,0,25,16,12
329,대구광역시 달성군 다사읍 서재리 358번지,27710,25625,0,358,0,202008,대구광역시 달성군 서재로20길 27,1,2.77104E+11,0,27,0,23
330,대구광역시 달성군 다사읍 서재리 361번지,27710,25625,0,361,0,202008,대구광역시 달성군 서재로20길 28-1,1,2.77104E+11,0,28,1,1576
331,대구광역시 달성군 다사읍 서재리 363-1번지,27710,25625,0,363,1,202008,대구광역시 달성군 서재로20길 26,1,2.77104E+11,0,26,0,163
332,대구광역시 달성군 다사읍 서재리 374번지,27710,25625,0,374,0,202008,대구광역시 달성군 서재로14길 30,1,2.77104E+11,0,30,0,187
333,대구광역시 달성군 다사읍 서재리 376번지,27710,25625,0,376,0,202008,대구광역시 달성군 서재로14길 28-3,1,2.77104E+11,0,28,3,140
334,대구광역시 달성군 다사읍 서재리 382번지,27710,25625,0,382,0,202008,대구광역시 달성군 서재로14길 32-6,1,2.77104E+11,0,32,6,444
335,대구광역시 달성군 다사읍 서재리 383번지,27710,25625,0,383,0,202008,대구광역시 달성군 서재로16길 27,1,2.77104E+11,0,27,0,47
336,대구광역시 달성군 다사읍 서재리 396번지,27710,25625,0,396,0,202008,대구광역시 달성군 서재로14길 18,1,2.77104E+11,0,18,0,175
337,대구광역시 달성군 다사읍 서재리 397-1번지,27710,25625,0,397,1,202008,대구광역시 달성군 서재로14길 20,1,2.77104E+11,0,20,0,479
338,대구광역시 달성군 다사읍 서재리 397번지,27710,25625,0,397,0,202008,대구광역시 달성군 서재로16길 17,1,2.77104E+11,0,17,0,421
339,대구광역시 달성군 다사읍 서재리 406번지,27710,25625,0,406,0,202008,대구광역시 달성군 서재로14길 23-4,1,2.77104E+11,0,23,4,82
340,대구광역시 달성군 다사읍 서재리 416번지,27710,25625,0,416,0,202008,대구광역시 달성군 서재로16길 7,1,2.77104E+11,0,7,0,93
341,대구광역시 달성군 다사읍 서재리 423-1번지,27710,25625,0,423,1,202008,대구광역시 달성군 서재로20길 1,1,2.77104E+11,0,1,0,1273
342,대구광역시 달성군 다사읍 서재리 423-8번지,27710,25625,0,423,8,202008,대구광역시 달성군 서재로18길 2,1,2.77104E+11,0,2,0,315
343,대구광역시 달성군 다사읍 서재리 424-3번지,27710,25625,0,424,3,202008,대구광역시 달성군 서재로18길 3-1,1,2.77104E+11,0,3,1,70
344,대구광역시 달성군 다사읍 서재리 424번지,27710,25625,0,424,0,202008,대구광역시 달성군 서재로18길 5,1,2.77104E+11,0,5,0,163
345,대구광역시 달성군 다사읍 서재리 479번지,27710,25625,0,479,0,202008,대구광역시 달성군 서재로14길 14,1,2.77104E+11,0,14,0,70
346,대구광역시 달성군 다사읍 서재리 485번지,27710,25625,0,485,0,202008,대구광역시 달성군 서재로12길 11-11,1,2.77104E+11,0,11,11,20125
347,대구광역시 달성군 다사읍 서재리 486번지,27710,25625,0,486,0,202008,대구광역시 달성군 서재로14길 2,1,2.77104E+11,0,2,0,117055
348,대구광역시 달성군 다사읍 서재리 538번지,27710,25625,0,538,0,202008,대구광역시 달성군 서재본길 11,1,2.77104E+11,0,11,0,34711
349,대구광역시 달성군 다사읍 서재리 543-3번지,27710,25625,0,543,3,202008,대구광역시 달성군 서재본길 18,1,2.77104E+11,0,18,0,35
350,대구광역시 달성군 다사읍 서재리 56번지,27710,25625,0,56,0,202008,대구광역시 달성군 서재로 166,1,2.77103E+11,0,166,0,36284
351,대구광역시 달성군 다사읍 서재리 58-14번지,27710,25625,0,58,14,202008,대구광역시 달성군 서재로34길 1,1,2.77104E+11,0,1,0,23
352,대구광역시 달성군 다사읍 서재리 58-2번지,27710,25625,0,58,2,202008,대구광역시 달성군 서재로 172,1,2.77103E+11,0,172,0,152
353,대구광역시 달성군 다사읍 서재리 69번지,27710,25625,0,69,0,202008,대구광역시 달성군 서재로33길 1,1,2.77104E+11,0,1,0,4063
354,대구광역시 달성군 다사읍 서재리 87번지,27710,25625,0,87,0,202008,대구광역시 달성군 서재로 141,1,2.77103E+11,0,141,0,2007
355,대구광역시 달성군 다사읍 세천리 1038번지,27710,25626,0,1038,0,202008,대구광역시 달성군 세천본1길 15,1,2.77104E+11,0,15,0,222
356,대구광역시 달성군 다사읍 세천리 1048-1번지,27710,25626,0,1048,1,202008,대구광역시 달성군 세천로21길 24,1,2.77104E+11,0,24,0,12
357,대구광역시 달성군 다사읍 세천리 1053번지,27710,25626,0,1053,0,202008,,1,,,,,175
358,대구광역시 달성군 다사읍 세천리 1071-1번지,27710,25626,0,1071,1,202008,대구광역시 달성군 세천본4길 43,1,2.77104E+11,0,43,0,491
359,대구광역시 달성군 다사읍 세천리 1560-7번지,27710,25626,0,1560,7,202008,대구광역시 달성군 세천북로 40,1,2.77103E+11,0,40,0,3478
360,대구광역시 달성군 다사읍 세천리 1560-9번지,27710,25626,0,1560,9,202008,대구광역시 달성군 세천북로 44,1,2.77103E+11,0,44,0,513
361,대구광역시 달성군 다사읍 세천리 1566-1번지,27710,25626,0,1566,1,202008,대구광역시 달성군 세천로 187,1,2.77103E+11,0,187,0,265028
362,대구광역시 달성군 다사읍 세천리 1566-2번지,27710,25626,0,1566,2,202008,대구광역시 달성군 세천북로 20,1,2.77103E+11,0,20,0,1494
363,대구광역시 달성군 다사읍 세천리 1566-3번지,27710,25626,0,1566,3,202008,대구광역시 달성군 세천북로 10,1,2.77103E+11,0,10,0,386
364,대구광역시 달성군 다사읍 세천리 1567-4번지,27710,25626,0,1567,4,202008,,1,,,,,7822
365,대구광역시 달성군 다사읍 세천리 1571-6번지,27710,25626,0,1571,6,202008,대구광역시 달성군 세천북로 17,1,2.77103E+11,0,17,0,2849
366,대구광역시 달성군 다사읍 세천리 1572-3번지,27710,25626,0,1572,3,202008,대구광역시 달성군 세천본길 45-5,1,2.77104E+11,0,45,5,35
367,대구광역시 달성군 다사읍 세천리 1572-5번지,27710,25626,0,1572,5,202008,대구광역시 달성군 세천본길 45,1,2.77104E+11,0,45,0,82
368,대구광역시 달성군 다사읍 세천리 1572-9번지,27710,25626,0,1572,9,202008,대구광역시 달성군 세천본길 45-13,1,2.77104E+11,0,45,13,93
369,대구광역시 달성군 다사읍 세천리 1577번지,27710,25626,0,1577,0,202008,대구광역시 달성군 세천본길 46,1,2.77104E+11,0,46,0,9981
370,대구광역시 달성군 다사읍 세천리 1578-9번지,27710,25626,0,1578,9,202008,대구광역시 달성군 세천로 161,1,2.77103E+11,0,161,0,5347
371,대구광역시 달성군 다사읍 세천리 1579-13번지,27710,25626,0,1579,13,202008,대구광역시 달성군 세천로9길 29,1,2.77104E+11,0,29,0,1985
372,대구광역시 달성군 다사읍 세천리 1579-3번지,27710,25626,0,1579,3,202008,대구광역시 달성군 세천로11길 12-8,1,2.77104E+11,0,12,8,105
373,대구광역시 달성군 다사읍 세천리 1580-8번지,27710,25626,0,1580,8,202008,대구광역시 달성군 세천로 155,1,2.77103E+11,0,155,0,4577
374,대구광역시 달성군 다사읍 세천리 1580-9번지,27710,25626,0,1580,9,202008,대구광역시 달성군 세천로 157,1,2.77103E+11,0,157,0,1880
375,대구광역시 달성군 다사읍 세천리 1581-5번지,27710,25626,0,1581,5,202008,대구광역시 달성군 세천로 139,1,2.77103E+11,0,139,0,701
376,대구광역시 달성군 다사읍 세천리 1586번지,27710,25626,0,1586,0,202008,대구광역시 달성군 세천로 182-9,1,2.77103E+11,0,182,9,44524
377,대구광역시 달성군 다사읍 세천리 1587번지,27710,25626,0,1587,0,202008,대구광역시 달성군 세천로 182-10,1,2.77103E+11,0,182,10,1016
378,대구광역시 달성군 다사읍 세천리 1588번지,27710,25626,0,1588,0,202008,대구광역시 달성군 세천로 160,1,2.77103E+11,0,160,0,218340
379,대구광역시 달성군 다사읍 세천리 1590-1번지,27710,25626,0,1590,1,202008,대구광역시 달성군 세천로 138,1,2.77103E+11,0,138,0,10519
380,대구광역시 달성군 다사읍 세천리 1590-4번지,27710,25626,0,1590,4,202008,대구광역시 달성군 세천로 144,1,2.77103E+11,0,144,0,23
381,대구광역시 달성군 다사읍 세천리 1590-5번지,27710,25626,0,1590,5,202008,대구광역시 달성군 세천로 146,1,2.77103E+11,0,146,0,2837
382,대구광역시 달성군 다사읍 세천리 1592-10번지,27710,25626,0,1592,10,202008,대구광역시 달성군 세천남로 16,1,2.77103E+11,0,16,0,129
383,대구광역시 달성군 다사읍 세천리 1592-12번지,27710,25626,0,1592,12,202008,대구광역시 달성군 세천남로 18,1,2.77103E+11,0,18,0,140
384,대구광역시 달성군 다사읍 세천리 1592-1번지,27710,25626,0,1592,1,202008,대구광역시 달성군 세천남로 8,1,2.77103E+11,0,8,0,689
385,대구광역시 달성군 다사읍 세천리 1596번지,27710,25626,0,1596,0,202008,대구광역시 달성군 세천로10길 13,1,2.77104E+11,0,13,0,1763
386,대구광역시 달성군 다사읍 세천리 1597-2번지,27710,25626,0,1597,2,202008,대구광역시 달성군 세천로 114,1,2.77103E+11,0,114,0,9235
387,대구광역시 달성군 다사읍 세천리 1689-3번지,27710,25626,0,1689,3,202008,대구광역시 달성군 세천로 108,1,2.77103E+11,0,108,0,13393
388,대구광역시 달성군 다사읍 세천리 1696-2번지,27710,25626,0,1696,2,202008,대구광역시 달성군 세천로10길 15-22,1,2.77104E+11,0,15,22,4658
389,대구광역시 달성군 다사읍 세천리 1703-1번지,27710,25626,0,1703,1,202008,대구광역시 달성군 세천남로 35,1,2.77103E+11,0,35,0,101854
390,대구광역시 달성군 다사읍 세천리 863번지,27710,25626,0,863,0,202008,대구광역시 달성군 세천본2길 13,1,2.77104E+11,0,13,0,397
391,대구광역시 달성군 다사읍 세천리 865번지,27710,25626,0,865,0,202008,대구광역시 달성군 세천북로 75-1,1,2.77103E+11,0,75,1,221
392,대구광역시 달성군 다사읍 세천리 880번지,27710,25626,0,880,0,202008,대구광역시 달성군 세천북로9길 17-6,1,2.77104E+11,0,17,6,82
393,대구광역시 달성군 다사읍 세천리 907번지,27710,25626,0,907,0,202008,대구광역시 달성군 세천본길 3,1,2.77104E+11,0,3,0,58
394,대구광역시 달성군 다사읍 세천리 908번지,27710,25626,0,908,0,202008,대구광역시 달성군 세천본길 3-4,1,2.77104E+11,0,3,4,105
395,대구광역시 달성군 다사읍 세천리 916-5번지,27710,25626,0,916,5,202008,대구광역시 달성군 세천본길 18-2,1,2.77104E+11,0,18,2,70
396,대구광역시 달성군 다사읍 세천리 921번지,27710,25626,0,921,0,202008,대구광역시 달성군 세천본3길 1-1,1,2.77104E+11,0,1,1,128
397,대구광역시 달성군 다사읍 세천리 922번지,27710,25626,0,922,0,202008,대구광역시 달성군 세천본3길 3,1,2.77104E+11,0,3,0,117
398,대구광역시 달성군 다사읍 세천리 933번지,27710,25626,0,933,0,202008,대구광역시 달성군 세천북로9길 17-1,1,2.77104E+11,0,17,1,304
399,대구광역시 달성군 다사읍 세천리 936번지,27710,25626,0,936,0,202008,대구광역시 달성군 세천본3길 7-10,1,2.77104E+11,0,7,10,268
400,대구광역시 달성군 다사읍 세천리 940-1번지,27710,25626,0,940,1,202008,대구광역시 달성군 세천본3길 13,1,2.77104E+11,0,13,0,151
401,대구광역시 달성군 다사읍 세천리 973번지,27710,25626,0,973,0,202008,대구광역시 달성군 세천본길 18,1,2.77104E+11,0,18,0,23
402,대구광역시 달성군 다사읍 죽곡리 1-10번지,27710,25627,0,1,10,202008,대구광역시 달성군 다사로 29,1,2.77103E+11,0,29,0,35
403,대구광역시 달성군 다사읍 죽곡리 1-6번지,27710,25627,0,1,6,202008,대구광역시 달성군 다사로 29-1,1,2.77103E+11,0,29,1,350
404,대구광역시 달성군 다사읍 죽곡리 1-7번지,27710,25627,0,1,7,202008,대구광역시 달성군 다사로 27,1,2.77103E+11,0,27,0,46
405,대구광역시 달성군 다사읍 죽곡리 117-3번지,27710,25627,0,117,3,202008,대구광역시 달성군 달구벌대로 864,1,2.77102E+11,0,864,0,2545
406,대구광역시 달성군 다사읍 죽곡리 120-3번지,27710,25627,0,120,3,202008,대구광역시 달성군 달구벌대로174길 16,1,2.77104E+11,0,16,0,1273
407,대구광역시 달성군 다사읍 죽곡리 120번지,27710,25627,0,120,0,202008,대구광역시 달성군 달구벌대로174길 12,1,2.77104E+11,0,12,0,3713
408,대구광역시 달성군 다사읍 죽곡리 126번지,27710,25627,0,126,0,202008,,1,,,,,93
409,대구광역시 달성군 다사읍 죽곡리 129-13번지,27710,25627,0,129,13,202008,,1,,,,,150563
410,대구광역시 달성군 다사읍 죽곡리 129-1번지,27710,25627,0,129,1,202008,대구광역시 달성군 달구벌대로 814,1,2.77102E+11,0,814,0,207082
411,대구광역시 달성군 다사읍 죽곡리 146번지,27710,25627,0,146,0,202008,대구광역시 달성군 달구벌대로174길 37,1,2.77104E+11,0,37,0,420
412,대구광역시 달성군 다사읍 죽곡리 152번지,27710,25627,0,152,0,202008,대구광역시 달성군 죽곡2길 6,1,2.77104E+11,0,6,0,224149
413,대구광역시 달성군 다사읍 죽곡리 156-1번지,27710,25627,0,156,1,202008,대구광역시 달성군 죽곡2길 2-10,1,2.77104E+11,0,2,10,467
414,대구광역시 달성군 다사읍 죽곡리 156-5번지,27710,25627,0,156,5,202008,대구광역시 달성군 죽곡2길 2-6,1,2.77104E+11,0,2,6,4892
415,대구광역시 달성군 다사읍 죽곡리 17번지,27710,25627,0,17,0,202008,대구광역시 달성군 왕선로 7,1,2.77103E+11,0,7,0,1705
416,대구광역시 달성군 다사읍 죽곡리 189번지,27710,25627,0,189,0,202008,대구광역시 달성군 죽곡1길 18,1,2.77104E+11,0,18,0,12548
417,대구광역시 달성군 다사읍 죽곡리 19-6번지,27710,25627,0,19,6,202008,대구광역시 달성군 왕선로1길 35-1,1,2.77104E+11,0,35,1,35
418,대구광역시 달성군 다사읍 죽곡리 192번지,27710,25627,0,192,0,202008,대구광역시 달성군 죽곡1길 16-8,1,2.77104E+11,0,16,8,397
419,대구광역시 달성군 다사읍 죽곡리 194번지,27710,25627,0,194,0,202008,대구광역시 달성군 달구벌대로174길 17-7,1,2.77104E+11,0,17,7,198
420,대구광역시 달성군 다사읍 죽곡리 197-1번지,27710,25627,0,197,1,202008,,1,,,,,3257
421,대구광역시 달성군 다사읍 죽곡리 197번지,27710,25627,0,197,0,202008,대구광역시 달성군 달구벌대로174길 17-5,1,2.77104E+11,0,17,5,841
422,대구광역시 달성군 다사읍 죽곡리 199번지,27710,25627,0,199,0,202008,대구광역시 달성군 달구벌대로174길 15,1,2.77104E+11,0,15,0,5475
423,대구광역시 달성군 다사읍 죽곡리 2-1번지,27710,25627,0,2,1,202008,대구광역시 달성군 왕선로 21,1,2.77103E+11,0,21,0,23
424,대구광역시 달성군 다사읍 죽곡리 201-6번지,27710,25627,0,201,6,202008,대구광역시 달성군 죽곡1길 6,1,2.77104E+11,0,6,0,4320
425,대구광역시 달성군 다사읍 죽곡리 209번지,27710,25627,0,209,0,202008,대구광역시 달성군 죽곡1길 16-6,1,2.77104E+11,0,16,6,233
426,대구광역시 달성군 다사읍 죽곡리 210번지,27710,25627,0,210,0,202008,대구광역시 달성군 죽곡1길 10,1,2.77104E+11,0,10,0,6807
427,대구광역시 달성군 다사읍 죽곡리 23-3번지,27710,25627,0,23,3,202008,대구광역시 달성군 달구벌대로 834,1,2.77102E+11,0,834,0,2534
428,대구광역시 달성군 다사읍 죽곡리 24번지,27710,25627,0,24,0,202008,대구광역시 달성군 달구벌대로 842-4,1,2.77102E+11,0,842,4,2476
429,대구광역시 달성군 다사읍 죽곡리 25-1번지,27710,25627,0,25,1,202008,대구광역시 달성군 달구벌대로174길 10-17,1,2.77104E+11,0,10,17,5648
430,대구광역시 달성군 다사읍 죽곡리 373번지,27710,25627,0,373,0,202008,대구광역시 달성군 죽곡1길 42,1,2.77104E+11,0,42,0,562
431,대구광역시 달성군 다사읍 죽곡리 55번지,27710,25627,1,55,0,202008,대구광역시 달성군 달구벌대로174길 24,1,2.77104E+11,0,24,0,187
432,대구광역시 달성군 다사읍 죽곡리 56-1번지,27710,25627,1,56,1,202008,대구광역시 달성군 달구벌대로 842-7,1,2.77102E+11,0,842,7,56154
433,대구광역시 달성군 다사읍 죽곡리 699-2번지,27710,25627,0,699,2,202008,대구광역시 달성군 강정본길 50,1,2.77104E+11,0,50,0,12
434,대구광역시 달성군 다사읍 죽곡리 806번지,27710,25627,0,806,0,202008,대구광역시 달성군 강정본길 57,1,2.77104E+11,0,57,0,15741
435,대구광역시 달성군 다사읍 죽곡리 807-1번지,27710,25627,0,807,1,202008,대구광역시 달성군 달구벌대로 866,1,2.77102E+11,0,866,0,13754
436,대구광역시 달성군 다사읍 죽곡리 807-2번지,27710,25627,0,807,2,202008,대구광역시 달성군 죽곡1길 5,1,2.77104E+11,0,5,0,12586
437,대구광역시 달성군 다사읍 죽곡리 807-3번지,27710,25627,0,807,3,202008,대구광역시 달성군 달구벌대로 874,1,2.77102E+11,0,874,0,36912
438,대구광역시 달성군 다사읍 죽곡리 808-1번지,27710,25627,0,808,1,202008,대구광역시 달성군 죽곡1길 9,1,2.77104E+11,0,9,0,17074
439,대구광역시 달성군 다사읍 죽곡리 808-3번지,27710,25627,0,808,3,202008,대구광역시 달성군 죽곡1길 13,1,2.77104E+11,0,13,0,2533
440,대구광역시 달성군 다사읍 죽곡리 808-4번지,27710,25627,0,808,4,202008,대구광역시 달성군 죽곡1길 15,1,2.77104E+11,0,15,0,1611
441,대구광역시 달성군 다사읍 죽곡리 808-6번지,27710,25627,0,808,6,202008,대구광역시 달성군 죽곡1길 7-8,1,2.77104E+11,0,7,8,5814
442,대구광역시 달성군 다사읍 죽곡리 809-3번지,27710,25627,0,809,3,202008,대구광역시 달성군 대실역남로 2,1,2.77103E+11,0,2,0,4378
443,대구광역시 달성군 다사읍 죽곡리 811-3번지,27710,25627,0,811,3,202008,대구광역시 달성군 죽곡1길 13-6,1,2.77104E+11,0,13,6,2709
444,대구광역시 달성군 다사읍 죽곡리 812번지,27710,25627,0,812,0,202008,대구광역시 달성군 대실역남로 24,1,2.77103E+11,0,24,0,9389
445,대구광역시 달성군 다사읍 죽곡리 814번지,27710,25627,0,814,0,202008,대구광역시 달성군 대실역남로 11,1,2.77103E+11,0,11,0,830
446,대구광역시 달성군 다사읍 죽곡리 815번지,27710,25627,0,815,0,202008,대구광역시 달성군 대실역남로 35,1,2.77103E+11,0,35,0,29456
447,대구광역시 달성군 다사읍 죽곡리 817번지,27710,25627,0,817,0,202008,대구광역시 달성군 달구벌대로 920,1,2.77102E+11,0,920,0,2066
448,대구광역시 달성군 다사읍 죽곡리 818번지,27710,25627,0,818,0,202008,대구광역시 달성군 대실역남로 33,1,2.77103E+11,0,33,0,54464
449,대구광역시 달성군 다사읍 죽곡리 820번지,27710,25627,0,820,0,202008,대구광역시 달성군 대실역남로1길 29,1,2.77104E+11,0,29,0,33664
450,대구광역시 달성군 다사읍 죽곡리 822번지,27710,25627,0,822,0,202008,대구광역시 달성군 대실역남로 93,1,2.77103E+11,0,93,0,48009
451,대구광역시 달성군 다사읍 죽곡리 823-2번지,27710,25627,0,823,2,202008,대구광역시 달성군 대실역남로1길 26,1,2.77104E+11,0,26,0,23
452,대구광역시 달성군 다사읍 죽곡리 823-5번지,27710,25627,0,823,5,202008,대구광역시 달성군 대실역남로1길 32,1,2.77104E+11,0,32,0,257
453,대구광역시 달성군 다사읍 죽곡리 824-2번지,27710,25627,0,824,2,202008,대구광역시 달성군 대실역남로2길 20-4,1,2.77104E+11,0,20,4,560
454,대구광역시 달성군 다사읍 죽곡리 824-5번지,27710,25627,0,824,5,202008,대구광역시 달성군 대실역남로2길 20-10,1,2.77104E+11,0,20,10,233
455,대구광역시 달성군 다사읍 죽곡리 825-2번지,27710,25627,0,825,2,202008,대구광역시 달성군 대실역남로3길 19,1,2.77104E+11,0,19,0,187
456,대구광역시 달성군 다사읍 죽곡리 870번지,27710,25627,0,870,0,202008,대구광역시 달성군 대실역남로 50,1,2.77103E+11,0,50,0,1356
457,대구광역시 달성군 다사읍 죽곡리 9-1번지,27710,25627,0,9,1,202008,대구광역시 달성군 왕선로 15,1,2.77103E+11,0,15,0,2884
458,대구광역시 달성군 다사읍 매곡리 1515-3번지,27710,25628,0,1515,3,202008,대구광역시 달성군 대실역북로2길 188,1,2.77104E+11,0,188,0,9730
459,대구광역시 달성군 다사읍 매곡리 1520번지,27710,25628,0,1520,0,202008,대구광역시 달성군 대실역북로2길 150,1,2.77104E+11,0,150,0,70
460,대구광역시 달성군 다사읍 매곡리 1521-10번지,27710,25628,0,1521,10,202008,대구광역시 달성군 왕선로 54,1,2.77103E+11,0,54,0,7379
461,대구광역시 달성군 다사읍 매곡리 1521-11번지,27710,25628,0,1521,11,202008,대구광역시 달성군 왕선로 52,1,2.77103E+11,0,52,0,7846
462,대구광역시 달성군 다사읍 매곡리 1521-16번지,27710,25628,0,1521,16,202008,대구광역시 달성군 대실역북로 96,1,2.77103E+11,0,96,0,666
463,대구광역시 달성군 다사읍 매곡리 1521-17번지,27710,25628,0,1521,17,202008,대구광역시 달성군 대실역북로 94,1,2.77103E+11,0,94,0,1891
464,대구광역시 달성군 다사읍 매곡리 1534-17번지,27710,25628,0,1534,17,202008,대구광역시 달성군 대실역북로 86,1,2.77103E+11,0,86,0,1202
465,대구광역시 달성군 다사읍 매곡리 1536번지,27710,25628,0,1536,0,202008,대구광역시 달성군 대실역북로3길 6,1,2.77104E+11,0,6,0,4334
466,대구광역시 달성군 다사읍 매곡리 1537번지,27710,25628,0,1537,0,202008,대구광역시 달성군 대실역북로 38,1,2.77103E+11,0,38,0,73230
467,대구광역시 달성군 다사읍 매곡리 1538번지,27710,25628,0,1538,0,202008,대구광역시 달성군 대실역북로 26,1,2.77103E+11,0,26,0,3867
468,대구광역시 달성군 다사읍 매곡리 1539번지,27710,25628,0,1539,0,202008,대구광역시 달성군 대실역북로1길 6,1,2.77104E+11,0,6,0,62092
469,대구광역시 달성군 다사읍 매곡리 1540번지,27710,25628,0,1540,0,202008,대구광역시 달성군 대실역북로 55,1,2.77103E+11,0,55,0,7031
470,대구광역시 달성군 다사읍 매곡리 1541번지,27710,25628,0,1541,0,202008,대구광역시 달성군 대실역북로 83,1,2.77103E+11,0,83,0,14683
471,대구광역시 달성군 다사읍 매곡리 1542번지,27710,25628,0,1542,0,202008,대구광역시 달성군 대실역북로 93,1,2.77103E+11,0,93,0,3885
472,대구광역시 달성군 다사읍 매곡리 1543번지,27710,25628,0,1543,0,202008,대구광역시 달성군 왕선로 26,1,2.77103E+11,0,26,0,62678
473,대구광역시 달성군 다사읍 매곡리 1544-1번지,27710,25628,0,1544,1,202008,대구광역시 달성군 왕선로 41,1,2.77103E+11,0,41,0,1144
474,대구광역시 달성군 다사읍 매곡리 1544-4번지,27710,25628,0,1544,4,202008,,1,,,,,15845
475,대구광역시 달성군 다사읍 매곡리 1544번지,27710,25628,0,1544,0,202008,대구광역시 달성군 왕선로1길 3,1,2.77104E+11,0,3,0,13054
476,대구광역시 달성군 다사읍 매곡리 1545-3번지,27710,25628,0,1545,3,202008,대구광역시 달성군 왕선로1길 9-6,1,2.77104E+11,0,9,6,176
477,대구광역시 달성군 다사읍 매곡리 1546-12번지,27710,25628,0,1546,12,202008,대구광역시 달성군 달구벌대로 875,1,2.77102E+11,0,875,0,9949
478,대구광역시 달성군 다사읍 매곡리 1546-15번지,27710,25628,0,1546,15,202008,대구광역시 달성군 달구벌대로 881,1,2.77102E+11,0,881,0,9364
479,대구광역시 달성군 다사읍 매곡리 1546-1번지,27710,25628,0,1546,1,202008,대구광역시 달성군 대실역북로1길 29-4,1,2.77104E+11,0,29,4,1156
480,대구광역시 달성군 다사읍 매곡리 1546-4번지,27710,25628,0,1546,4,202008,대구광역시 달성군 달구벌대로 855,1,2.77102E+11,0,855,0,2907
481,대구광역시 달성군 다사읍 매곡리 1546-6번지,27710,25628,0,1546,6,202008,대구광역시 달성군 달구벌대로 859,1,2.77102E+11,0,859,0,14384
482,대구광역시 달성군 다사읍 매곡리 1546-7번지,27710,25628,0,1546,7,202008,대구광역시 달성군 달구벌대로 861,1,2.77102E+11,0,861,0,13713
483,대구광역시 달성군 다사읍 매곡리 1546-8번지,27710,25628,0,1546,8,202008,대구광역시 달성군 달구벌대로 863,1,2.77102E+11,0,863,0,210
484,대구광역시 달성군 다사읍 매곡리 1547-10번지,27710,25628,0,1547,10,202008,대구광역시 달성군 대실역북로1길 9,1,2.77104E+11,0,9,0,14271
485,대구광역시 달성군 다사읍 매곡리 1547-11번지,27710,25628,0,1547,11,202008,대구광역시 달성군 대실역북로1길 5-14,1,2.77104E+11,0,5,14,3573
486,대구광역시 달성군 다사읍 매곡리 1547-12번지,27710,25628,0,1547,12,202008,대구광역시 달성군 대실역북로1길 15-3,1,2.77104E+11,0,15,3,3082
487,대구광역시 달성군 다사읍 매곡리 1547-13번지,27710,25628,0,1547,13,202008,대구광역시 달성군 대실역북로1길 15-4,1,2.77104E+11,0,15,4,1168
488,대구광역시 달성군 다사읍 매곡리 1547-14번지,27710,25628,0,1547,14,202008,대구광역시 달성군 대실역북로1길 29-17,1,2.77104E+11,0,29,17,3562
489,대구광역시 달성군 다사읍 매곡리 1547-16번지,27710,25628,0,1547,16,202008,대구광역시 달성군 대실역북로1길 29-13,1,2.77104E+11,0,29,13,3398
490,대구광역시 달성군 다사읍 매곡리 1547-18번지,27710,25628,0,1547,18,202008,대구광역시 달성군 대실역북로1길 29-9,1,2.77104E+11,0,29,9,3818
491,대구광역시 달성군 다사읍 매곡리 1547-19번지,27710,25628,0,1547,19,202008,대구광역시 달성군 대실역북로1길 29-3,1,2.77104E+11,0,29,3,35
492,대구광역시 달성군 다사읍 매곡리 1547-1번지,27710,25628,0,1547,1,202008,대구광역시 달성군 대실역북로1길 27,1,2.77104E+11,0,27,0,2755
493,대구광역시 달성군 다사읍 매곡리 1547-2번지,27710,25628,0,1547,2,202008,대구광역시 달성군 대실역북로1길 25,1,2.77104E+11,0,25,0,1015
494,대구광역시 달성군 다사읍 매곡리 1547-3번지,27710,25628,0,1547,3,202008,대구광역시 달성군 대실역북로1길 23,1,2.77104E+11,0,23,0,7438
495,대구광역시 달성군 다사읍 매곡리 1547-5번지,27710,25628,0,1547,5,202008,대구광역시 달성군 대실역북로1길 19,1,2.77104E+11,0,19,0,8034
496,대구광역시 달성군 다사읍 매곡리 1547-6번지,27710,25628,0,1547,6,202008,대구광역시 달성군 대실역북로1길 17,1,2.77104E+11,0,17,0,6516
497,대구광역시 달성군 다사읍 매곡리 1547-8번지,27710,25628,0,1547,8,202008,대구광역시 달성군 대실역북로1길 15,1,2.77104E+11,0,15,0,9785
498,대구광역시 달성군 다사읍 매곡리 1547번지,27710,25628,0,1547,0,202008,대구광역시 달성군 대실역북로1길 29-1,1,2.77104E+11,0,29,1,7800
499,대구광역시 달성군 다사읍 매곡리 1548-2번지,27710,25628,0,1548,2,202008,대구광역시 달성군 대실역북로 9,1,2.77103E+11,0,9,0,1845
500,대구광역시 달성군 다사읍 매곡리 1548-3번지,27710,25628,0,1548,3,202008,대구광역시 달성군 대실역북로1길 5-5,1,2.77104E+11,0,5,5,7799
501,대구광역시 달성군 다사읍 매곡리 1548번지,27710,25628,0,1548,0,202008,대구광역시 달성군 대실역북로1길 5-1,1,2.77104E+11,0,5,1,6200
502,대구광역시 달성군 다사읍 매곡리 1549-1번지,27710,25628,0,1549,1,202008,대구광역시 달성군 대실역북로2길 6,1,2.77104E+11,0,6,0,841
503,대구광역시 달성군 다사읍 매곡리 1549-2번지,27710,25628,0,1549,2,202008,대구광역시 달성군 대실역북로2길 8-6,1,2.77104E+11,0,8,6,25207
504,대구광역시 달성군 다사읍 매곡리 1549번지,27710,25628,0,1549,0,202008,대구광역시 달성군 대실역북로 12,1,2.77103E+11,0,12,0,9830
505,대구광역시 달성군 다사읍 매곡리 1550-1번지,27710,25628,0,1550,1,202008,대구광역시 달성군 대실역북로2길 14,1,2.77104E+11,0,14,0,8418
506,대구광역시 달성군 다사읍 매곡리 1551-1번지,27710,25628,0,1551,1,202008,대구광역시 달성군 달구벌대로 893,1,2.77102E+11,0,893,0,48316
507,대구광역시 달성군 다사읍 매곡리 1551-2번지,27710,25628,0,1551,2,202008,대구광역시 달성군 달구벌대로 895,1,2.77102E+11,0,895,0,8150
508,대구광역시 달성군 다사읍 매곡리 1552번지,27710,25628,0,1552,0,202008,대구광역시 달성군 대실역북로 16,1,2.77103E+11,0,16,0,23679
509,대구광역시 달성군 다사읍 매곡리 1568번지,27710,25628,0,1568,0,202008,,1,,,,,97372
510,대구광역시 달성군 다사읍 매곡리 228-1번지,27710,25628,0,228,1,202008,대구광역시 달성군 왕선로1길 19,1,2.77104E+11,0,19,0,257
511,대구광역시 달성군 다사읍 매곡리 229-1번지,27710,25628,0,229,1,202008,,1,,,,,37583
512,대구광역시 달성군 다사읍 매곡리 258번지,27710,25628,0,258,0,202008,대구광역시 달성군 다사로4길 24,1,2.77104E+11,0,24,0,12
513,대구광역시 달성군 다사읍 매곡리 300-3번지,27710,25628,0,300,3,202008,대구광역시 달성군 왕선로1길 4,1,2.77104E+11,0,4,0,8164
514,대구광역시 달성군 다사읍 매곡리 300-4번지,27710,25628,0,300,4,202008,대구광역시 달성군 왕선로1길 2,1,2.77104E+11,0,2,0,11839
515,대구광역시 달성군 다사읍 매곡리 302-2번지,27710,25628,0,302,2,202008,대구광역시 달성군 다사로4길 25,1,2.77104E+11,0,25,0,736
516,대구광역시 달성군 다사읍 매곡리 302번지,27710,25628,0,302,0,202008,대구광역시 달성군 왕선로 49,1,2.77103E+11,0,49,0,39148
517,대구광역시 달성군 다사읍 매곡리 303-2번지,27710,25628,0,303,2,202008,대구광역시 달성군 왕선로 51,1,2.77103E+11,0,51,0,222
518,대구광역시 달성군 다사읍 매곡리 306-7번지,27710,25628,0,306,7,202008,대구광역시 달성군 왕선로 57,1,2.77103E+11,0,57,0,280
519,대구광역시 달성군 다사읍 매곡리 315번지,27710,25628,0,315,0,202008,대구광역시 달성군 왕선로 59,1,2.77103E+11,0,59,0,10686
520,대구광역시 달성군 다사읍 매곡리 473번지,27710,25628,0,473,0,202008,대구광역시 달성군 다사역로 60,1,2.77103E+11,0,60,0,194590
521,대구광역시 달성군 다사읍 매곡리 509번지,27710,25628,0,509,0,202008,대구광역시 달성군 매곡로14길 11,1,2.77104E+11,0,11,0,80115
522,대구광역시 달성군 다사읍 매곡리 510번지,27710,25628,0,510,0,202008,대구광역시 달성군 매곡로14길 13,1,2.77104E+11,0,13,0,64774
523,대구광역시 달성군 다사읍 매곡리 622번지,27710,25628,0,622,0,202008,대구광역시 달성군 매곡로4길 9,1,2.77104E+11,0,9,0,159478
524,대구광역시 달성군 다사읍 매곡리 699-2번지,27710,25628,0,699,2,202008,대구광역시 달성군 다사역로 5,1,2.77103E+11,0,5,0,12
525,대구광역시 달성군 다사읍 매곡리 719-1번지,27710,25628,0,719,1,202008,대구광역시 달성군 달구벌대로 770,1,2.77102E+11,0,770,0,117092
526,대구광역시 달성군 다사읍 매곡리 719-26번지,27710,25628,0,719,26,202008,대구광역시 달성군 달구벌대로 802,1,2.77102E+11,0,802,0,64110
527,대구광역시 달성군 다사읍 매곡리 729번지,27710,25628,0,729,0,202008,대구광역시 달성군 매곡로2길 8-5,1,2.77104E+11,0,8,5,9597
528,대구광역시 달성군 다사읍 매곡리 786번지,27710,25628,0,786,0,202008,대구광역시 달성군 매곡로4길 6-3,1,2.77104E+11,0,6,3,455
529,대구광역시 달성군 다사읍 매곡리 891번지,27710,25628,0,891,0,202008,대구광역시 달성군 매곡로4길 6-6,1,2.77104E+11,0,6,6,315
530,대구광역시 달성군 유가읍 용리 887번지,27710,25923,0,887,0,202008,대구광역시 달성군 테크노순환로12길 4,1,2.77104E+11,0,4,0,17517
531,대구광역시 달성군 유가읍 용리 888-2번지,27710,25923,0,888,2,202008,대구광역시 달성군 테크노순환로 320,1,2.77103E+11,0,320,0,60315
532,대구광역시 달성군 유가읍 용리 888-3번지,27710,25923,0,888,3,202008,대구광역시 달성군 테크노순환로10길 1,1,2.77104E+11,0,1,0,55332
533,대구광역시 달성군 유가읍 용리 888번지,27710,25923,0,888,0,202008,대구광역시 달성군 테크노순환로 330,1,2.77103E+11,0,330,0,43510
534,대구광역시 달성군 유가읍 봉리 572-2번지,27710,25924,0,572,2,202008,대구광역시 달성군 테크노중앙대로 320,1,2.77102E+11,0,320,0,362
535,대구광역시 달성군 유가읍 봉리 590-1번지,27710,25924,0,590,1,202008,대구광역시 달성군 테크노중앙대로6길 15-15,1,2.77104E+11,0,15,15,4497
536,대구광역시 달성군 유가읍 봉리 590-2번지,27710,25924,0,590,2,202008,대구광역시 달성군 테크노중앙대로6길 15-17,1,2.77104E+11,0,15,17,2650
537,대구광역시 달성군 유가읍 봉리 594-1번지,27710,25924,0,594,1,202008,대구광역시 달성군 테크노중앙대로6길 16-18,1,2.77104E+11,0,16,18,1249
538,대구광역시 달성군 유가읍 봉리 595번지,27710,25924,0,595,0,202008,대구광역시 달성군 테크노북로 165,1,2.77103E+11,0,165,0,129310
539,대구광역시 달성군 유가읍 봉리 596-1번지,27710,25924,0,596,1,202008,대구광역시 달성군 테크노대로5길 100,1,2.77104E+11,0,100,0,1144
540,대구광역시 달성군 유가읍 봉리 597번지,27710,25924,0,597,0,202008,대구광역시 달성군 테크노북로 142,1,2.77103E+11,0,142,0,47483
541,대구광역시 달성군 유가읍 봉리 598번지,27710,25924,0,598,0,202008,대구광역시 달성군 테크노북로6길 10,1,2.77104E+11,0,10,0,53376
542,대구광역시 달성군 유가읍 봉리 601번지,27710,25924,0,601,0,202008,대구광역시 달성군 테크노북로 164,1,2.77103E+11,0,164,0,198728
543,대구광역시 달성군 유가읍 봉리 602번지,27710,25924,0,602,0,202008,대구광역시 달성군 테크노상업로 111,1,2.77103E+11,0,111,0,156985
544,대구광역시 달성군 유가읍 봉리 603번지,27710,25924,0,603,0,202008,대구광역시 달성군 테크노대로5길 79,1,2.77104E+11,0,79,0,170703
545,대구광역시 달성군 유가읍 봉리 604번지,27710,25924,0,604,0,202008,대구광역시 달성군 테크노대로5길 57,1,2.77104E+11,0,57,0,197767
546,대구광역시 달성군 유가읍 봉리 605번지,27710,25924,0,605,0,202008,대구광역시 달성군 테크노대로5길 58,1,2.77104E+11,0,58,0,190914
547,대구광역시 달성군 유가읍 봉리 606-2번지,27710,25924,0,606,2,202008,대구광역시 달성군 테크노중앙대로 240,1,2.77102E+11,0,240,0,28117
548,대구광역시 달성군 유가읍 봉리 606번지,27710,25924,0,606,0,202008,대구광역시 달성군 테크노중앙대로 254,1,2.77102E+11,0,254,0,26379
549,대구광역시 달성군 유가읍 봉리 607-1번지,27710,25924,0,607,1,202008,대구광역시 달성군 테크노상업로 84,1,2.77103E+11,0,84,0,10030
550,대구광역시 달성군 유가읍 봉리 607번지,27710,25924,0,607,0,202008,대구광역시 달성군 테크노상업로 82,1,2.77103E+11,0,82,0,4204
551,대구광역시 달성군 유가읍 봉리 608-1번지,27710,25924,0,608,1,202008,대구광역시 달성군 테크노상업로 98,1,2.77103E+11,0,98,0,2043
552,대구광역시 달성군 유가읍 봉리 608-2번지,27710,25924,0,608,2,202008,대구광역시 달성군 테크노상업로 100,1,2.77103E+11,0,100,0,25373
553,대구광역시 달성군 유가읍 봉리 608번지,27710,25924,0,608,0,202008,대구광역시 달성군 테크노상업로 96,1,2.77103E+11,0,96,0,6212
554,대구광역시 달성군 유가읍 봉리 610-1번지,27710,25924,0,610,1,202008,대구광역시 달성군 테크노상업로4길 8-7,1,2.77104E+11,0,8,7,10100
555,대구광역시 달성군 유가읍 봉리 610-2번지,27710,25924,0,610,2,202008,대구광역시 달성군 테크노상업로4길 12,1,2.77104E+11,0,12,0,27264
556,대구광역시 달성군 유가읍 봉리 611번지,27710,25924,0,611,0,202008,대구광역시 달성군 테크노상업로4길 18-20,1,2.77104E+11,0,18,20,397
557,대구광역시 달성군 유가읍 봉리 612-1번지,27710,25924,0,612,1,202008,대구광역시 달성군 테크노상업로4길 18-8,1,2.77104E+11,0,18,8,7531
558,대구광역시 달성군 유가읍 봉리 612-2번지,27710,25924,0,612,2,202008,대구광역시 달성군 테크노상업로4길 14,1,2.77104E+11,0,14,0,4799
559,대구광역시 달성군 유가읍 봉리 613번지,27710,25924,0,613,0,202008,대구광역시 달성군 테크노공원로 51,1,2.77103E+11,0,51,0,304
560,대구광역시 달성군 유가읍 봉리 614-1번지,27710,25924,0,614,1,202008,,1,,,,,16556
561,대구광역시 달성군 유가읍 봉리 614-2번지,27710,25924,0,614,2,202008,대구광역시 달성군 테크노공원로 69,1,2.77103E+11,0,69,0,4355
562,대구광역시 달성군 유가읍 봉리 614번지,27710,25924,0,614,0,202008,대구광역시 달성군 테크노공원로 59,1,2.77103E+11,0,59,0,15552
563,대구광역시 달성군 유가읍 봉리 615-1번지,27710,25924,0,615,1,202008,대구광역시 달성군 테크노상업로 110,1,2.77103E+11,0,110,0,15691
564,대구광역시 달성군 유가읍 봉리 615-2번지,27710,25924,0,615,2,202008,대구광역시 달성군 테크노상업로 112,1,2.77103E+11,0,112,0,8851
565,대구광역시 달성군 유가읍 봉리 615번지,27710,25924,0,615,0,202008,대구광역시 달성군 테크노상업로 108,1,2.77103E+11,0,108,0,6124
566,대구광역시 달성군 유가읍 봉리 616번지,27710,25924,0,616,0,202008,대구광역시 달성군 테크노상업로4길 7-4,1,2.77104E+11,0,7,4,15318
567,대구광역시 달성군 유가읍 봉리 617-2번지,27710,25924,0,617,2,202008,,1,,,,,490
568,대구광역시 달성군 유가읍 봉리 617번지,27710,25924,0,617,0,202008,대구광역시 달성군 테크노상업로4길 17-1,1,2.77104E+11,0,17,1,9121
569,대구광역시 달성군 유가읍 봉리 618-1번지,27710,25924,0,618,1,202008,대구광역시 달성군 테크노공원로 77,1,2.77103E+11,0,77,0,3316
570,대구광역시 달성군 유가읍 봉리 618번지,27710,25924,0,618,0,202008,대구광역시 달성군 테크노공원로 73,1,2.77103E+11,0,73,0,21262
571,대구광역시 달성군 유가읍 봉리 619번지,27710,25924,0,619,0,202008,대구광역시 달성군 테크노상업로 120,1,2.77103E+11,0,120,0,309816
572,대구광역시 달성군 유가읍 봉리 621번지,27710,25924,0,621,0,202008,대구광역시 달성군 테크노북로9길 16,1,2.77104E+11,0,16,0,167034
573,대구광역시 달성군 유가읍 봉리 622번지,27710,25924,0,622,0,202008,대구광역시 달성군 테크노북로9길 42,1,2.77104E+11,0,42,0,126202
574,대구광역시 달성군 유가읍 봉리 623번지,27710,25924,0,623,0,202008,대구광역시 달성군 테크노대로5길 34,1,2.77104E+11,0,34,0,51059
575,대구광역시 달성군 유가읍 봉리 625번지,27710,25924,0,625,0,202008,대구광역시 달성군 테크노대로 165,1,2.77102E+11,0,165,0,193902
576,대구광역시 달성군 유가읍 봉리 626번지,27710,25924,0,626,0,202008,대구광역시 달성군 테크노대로5길 20,1,2.77104E+11,0,20,0,28347
577,대구광역시 달성군 유가읍 봉리 627번지,27710,25924,0,627,0,202008,대구광역시 달성군 테크노대로 195,1,2.77102E+11,0,195,0,178578
578,대구광역시 달성군 유가읍 봉리 659번지,27710,25924,0,659,0,202008,대구광역시 달성군 테크노대로5길 80,1,2.77104E+11,0,80,0,279384
579,대구광역시 달성군 유가읍 쌍계리 625-1번지,27710,25925,0,625,1,202008,대구광역시 달성군 현풍로 225,1,2.77103E+11,0,225,0,2802
580,대구광역시 달성군 유가읍 쌍계리 633번지,27710,25925,0,633,0,202008,대구광역시 달성군 테크노순환로 423,1,2.77103E+11,0,423,0,145630
581,대구광역시 달성군 유가읍 상리 917번지,27710,25927,0,917,0,202008,대구광역시 달성군 테크노대로6길 20,1,2.77104E+11,0,20,0,216616
582,대구광역시 달성군 옥포읍 교항리 1503-4번지,27710,26222,0,1503,4,202008,,1,,,,,525
583,대구광역시 달성군 옥포읍 교항리 1503번지,27710,26222,0,1503,0,202008,,1,,,,,9479
584,대구광역시 달성군 옥포읍 교항리 1710번지,27710,26222,0,1710,0,202008,,1,,,,,12
585,대구광역시 달성군 옥포읍 교항리 2892번지,27710,26222,0,2892,0,202008,,1,,,,,93219
586,대구광역시 달성군 옥포읍 교항리 2911번지,27710,26222,0,2911,0,202008,,1,,,,,2581
587,대구광역시 달성군 옥포읍 교항리 2913번지,27710,26222,0,2913,0,202008,,1,,,,,47
588,대구광역시 달성군 옥포읍 교항리 2946번지,27710,26222,0,2946,0,202008,,1,,,,,24108
589,대구광역시 달성군 옥포읍 교항리 2964번지,27710,26222,0,2964,0,202008,,1,,,,,279647
590,대구광역시 달성군 옥포읍 교항리 2998번지,27710,26222,0,2998,0,202008,,1,,,,,99348
591,대구광역시 달성군 옥포읍 교항리 3008번지,27710,26222,0,3008,0,202008,,1,,,,,70514
592,대구광역시 달성군 옥포읍 강림리 1099번지,27710,26223,0,1099,0,202008,,1,,,,,134311
593,대구광역시 달성군 옥포읍 강림리 1105번지,27710,26223,0,1105,0,202008,,1,,,,,140263
594,대구광역시 달성군 옥포읍 강림리 1106번지,27710,26223,0,1106,0,202008,,1,,,,,19564
595,대구광역시 달성군 옥포읍 강림리 1128번지,27710,26223,0,1128,0,202008,,1,,,,,6327
596,대구광역시 달성군 옥포읍 강림리 1129번지,27710,26223,0,1129,0,202008,,1,,,,,1323
597,대구광역시 달성군 옥포읍 강림리 1133번지,27710,26223,0,1133,0,202008,,1,,,,,120580
598,대구광역시 달성군 옥포읍 강림리 1168번지,27710,26223,0,1168,0,202008,,1,,,,,1226
599,대구광역시 달성군 옥포읍 강림리 1216번지,27710,26223,0,1216,0,202008,,1,,,,,15644
600,대구광역시 달성군 옥포읍 본리리 1149번지,27710,26229,0,1149,0,202008,,1,,,,,84372
601,대구광역시 달성군 옥포읍 본리리 2590번지,27710,26229,0,2590,0,202008,,1,,,,,232081
602,대구광역시 달성군 옥포읍 본리리 2649번지,27710,26229,0,2649,0,202008,,1,,,,,90481
603,대구광역시 달성군 현풍읍 상리 50-1번지,27710,26521,0,50,1,202008,,1,,,,,1774834
604,대구광역시 달성군 현풍읍 상리 534-2번지,27710,26521,0,534,2,202008,,1,,,,,1191
605,대구광역시 달성군 현풍읍 상리 539-1번지,27710,26521,0,539,1,202008,,1,,,,,4866
606,대구광역시 달성군 현풍읍 상리 557번지,27710,26521,0,557,0,202008,,1,,,,,2055
607,대구광역시 달성군 현풍읍 상리 577-3번지,27710,26521,0,577,3,202008,,1,,,,,163
608,대구광역시 달성군 현풍읍 상리 580번지,27710,26521,0,580,0,202008,,1,,,,,316
609,대구광역시 달성군 현풍읍 상리 582번지,27710,26521,0,582,0,202008,,1,,,,,3923
610,대구광역시 달성군 현풍읍 중리 100-6번지,27710,26522,0,100,6,202008,,1,,,,,2008
611,대구광역시 달성군 현풍읍 중리 103-1번지,27710,26522,0,103,1,202008,,1,,,,,1261
612,대구광역시 달성군 현풍읍 중리 108-2번지,27710,26522,0,108,2,202008,,1,,,,,233
613,대구광역시 달성군 현풍읍 중리 113-1번지,27710,26522,0,113,1,202008,,1,,,,,2732
614,대구광역시 달성군 현풍읍 중리 118번지,27710,26522,0,118,0,202008,,1,,,,,1447
615,대구광역시 달성군 현풍읍 중리 121-1번지,27710,26522,0,121,1,202008,,1,,,,,105
616,대구광역시 달성군 현풍읍 중리 140번지,27710,26522,0,140,0,202008,,1,,,,,198
617,대구광역시 달성군 현풍읍 중리 144번지,27710,26522,0,144,0,202008,,1,,,,,47
618,대구광역시 달성군 현풍읍 중리 146번지,27710,26522,0,146,0,202008,,1,,,,,642
619,대구광역시 달성군 현풍읍 중리 158번지,27710,26522,0,158,0,202008,,1,,,,,642
620,대구광역시 달성군 현풍읍 중리 172번지,27710,26522,0,172,0,202008,,1,,,,,210
621,대구광역시 달성군 현풍읍 중리 176-2번지,27710,26522,0,176,2,202008,,1,,,,,152
622,대구광역시 달성군 현풍읍 중리 190번지,27710,26522,0,190,0,202008,,1,,,,,3900
623,대구광역시 달성군 현풍읍 중리 191-2번지,27710,26522,0,191,2,202008,,1,,,,,105
624,대구광역시 달성군 현풍읍 중리 216-1번지,27710,26522,0,216,1,202008,,1,,,,,315
625,대구광역시 달성군 현풍읍 중리 261-1번지,27710,26522,0,261,1,202008,,1,,,,,70
626,대구광역시 달성군 현풍읍 중리 278-1번지,27710,26522,0,278,1,202008,,1,,,,,1202
627,대구광역시 달성군 현풍읍 중리 281-6번지,27710,26522,0,281,6,202008,,1,,,,,129
628,대구광역시 달성군 현풍읍 중리 286-6번지,27710,26522,0,286,6,202008,,1,,,,,175
629,대구광역시 달성군 현풍읍 중리 290-1번지,27710,26522,0,290,1,202008,,1,,,,,362
630,대구광역시 달성군 현풍읍 중리 291-1번지,27710,26522,0,291,1,202008,,1,,,,,35
631,대구광역시 달성군 현풍읍 중리 295-1번지,27710,26522,0,295,1,202008,,1,,,,,4472
632,대구광역시 달성군 현풍읍 중리 295-2번지,27710,26522,0,295,2,202008,,1,,,,,93
633,대구광역시 달성군 현풍읍 중리 296-3번지,27710,26522,0,296,3,202008,,1,,,,,12
634,대구광역시 달성군 현풍읍 중리 319-3번지,27710,26522,0,319,3,202008,,1,,,,,269
635,대구광역시 달성군 현풍읍 중리 323번지,27710,26522,0,323,0,202008,,1,,,,,1133
636,대구광역시 달성군 현풍읍 중리 335-1번지,27710,26522,0,335,1,202008,,1,,,,,19659
637,대구광역시 달성군 현풍읍 중리 341번지,27710,26522,0,341,0,202008,,1,,,,,1146
638,대구광역시 달성군 현풍읍 중리 342-1번지,27710,26522,0,342,1,202008,,1,,,,,385
639,대구광역시 달성군 현풍읍 중리 342번지,27710,26522,0,342,0,202008,,1,,,,,2277
640,대구광역시 달성군 현풍읍 중리 344-2번지,27710,26522,0,344,2,202008,,1,,,,,233
641,대구광역시 달성군 현풍읍 중리 407-2번지,27710,26522,0,407,2,202008,,1,,,,,44067
642,대구광역시 달성군 현풍읍 중리 411번지,27710,26522,0,411,0,202008,,1,,,,,2954
643,대구광역시 달성군 현풍읍 중리 424-1번지,27710,26522,0,424,1,202008,,1,,,,,24952
644,대구광역시 달성군 현풍읍 중리 424-6번지,27710,26522,0,424,6,202008,,1,,,,,82
645,대구광역시 달성군 현풍읍 중리 453번지,27710,26522,0,453,0,202008,,1,,,,,1062
646,대구광역시 달성군 현풍읍 중리 458-1번지,27710,26522,0,458,1,202008,,1,,,,,11851
647,대구광역시 달성군 현풍읍 중리 459-3번지,27710,26522,0,459,3,202008,,1,,,,,198
648,대구광역시 달성군 현풍읍 중리 460-1번지,27710,26522,0,460,1,202008,,1,,,,,5243
649,대구광역시 달성군 현풍읍 중리 480번지,27710,26522,0,480,0,202008,,1,,,,,176756
650,대구광역시 달성군 현풍읍 중리 481번지,27710,26522,0,481,0,202008,,1,,,,,86635
651,대구광역시 달성군 현풍읍 중리 483번지,27710,26522,0,483,0,202008,,1,,,,,24339
652,대구광역시 달성군 현풍읍 중리 484번지,27710,26522,0,484,0,202008,,1,,,,,115348
653,대구광역시 달성군 현풍읍 중리 485번지,27710,26522,0,485,0,202008,,1,,,,,214927
654,대구광역시 달성군 현풍읍 중리 486번지,27710,26522,0,486,0,202008,,1,,,,,121101
655,대구광역시 달성군 현풍읍 중리 487번지,27710,26522,0,487,0,202008,,1,,,,,135506
656,대구광역시 달성군 현풍읍 중리 488번지,27710,26522,0,488,0,202008,,1,,,,,61902
657,대구광역시 달성군 현풍읍 중리 489-1번지,27710,26522,0,489,1,202008,,1,,,,,665
658,대구광역시 달성군 현풍읍 중리 489-2번지,27710,26522,0,489,2,202008,,1,,,,,5045
659,대구광역시 달성군 현풍읍 중리 489-3번지,27710,26522,0,489,3,202008,,1,,,,,3013
660,대구광역시 달성군 현풍읍 중리 489번지,27710,26522,0,489,0,202008,,1,,,,,21356
661,대구광역시 달성군 현풍읍 중리 490-1번지,27710,26522,0,490,1,202008,,1,,,,,11489
662,대구광역시 달성군 현풍읍 중리 491-2번지,27710,26522,0,491,2,202008,,1,,,,,23528
663,대구광역시 달성군 현풍읍 중리 492-1번지,27710,26522,0,492,1,202008,,1,,,,,4238
664,대구광역시 달성군 현풍읍 중리 492-2번지,27710,26522,0,492,2,202008,,1,,,,,8091
665,대구광역시 달성군 현풍읍 중리 493번지,27710,26522,0,493,0,202008,,1,,,,,13777
666,대구광역시 달성군 현풍읍 중리 494-1번지,27710,26522,0,494,1,202008,,1,,,,,6258
667,대구광역시 달성군 현풍읍 중리 494번지,27710,26522,0,494,0,202008,,1,,,,,9644
668,대구광역시 달성군 현풍읍 중리 495번지,27710,26522,0,495,0,202008,,1,,,,,630
669,대구광역시 달성군 현풍읍 중리 496번지,27710,26522,0,496,0,202008,,1,,,,,2067
670,대구광역시 달성군 현풍읍 중리 497-1번지,27710,26522,0,497,1,202008,,1,,,,,5021
671,대구광역시 달성군 현풍읍 중리 497-3번지,27710,26522,0,497,3,202008,,1,,,,,8336
672,대구광역시 달성군 현풍읍 중리 497번지,27710,26522,0,497,0,202008,,1,,,,,8231
673,대구광역시 달성군 현풍읍 중리 498번지,27710,26522,0,498,0,202008,,1,,,,,5966
674,대구광역시 달성군 현풍읍 중리 499번지,27710,26522,0,499,0,202008,,1,,,,,9329
675,대구광역시 달성군 현풍읍 중리 501번지,27710,26522,0,501,0,202008,,1,,,,,11151
676,대구광역시 달성군 현풍읍 중리 94-4번지,27710,26522,0,94,4,202008,,1,,,,,549
677,대구광역시 달성군 현풍읍 부리 196-2번지,27710,26523,0,196,2,202008,,1,,,,,5651
678,대구광역시 달성군 현풍읍 부리 197-3번지,27710,26523,0,197,3,202008,,1,,,,,3958
679,대구광역시 달성군 현풍읍 부리 229-1번지,27710,26523,0,229,1,202008,,1,,,,,969
680,대구광역시 달성군 현풍읍 부리 266-2번지,27710,26523,0,266,2,202008,,1,,,,,374
681,대구광역시 달성군 현풍읍 부리 267-11번지,27710,26523,0,267,11,202008,,1,,,,,456
682,대구광역시 달성군 현풍읍 부리 275번지,27710,26523,0,275,0,202008,,1,,,,,23
683,대구광역시 달성군 현풍읍 부리 276-1번지,27710,26523,0,276,1,202008,,1,,,,,58
684,대구광역시 달성군 현풍읍 부리 280번지,27710,26523,0,280,0,202008,,1,,,,,175
685,대구광역시 달성군 현풍읍 부리 305번지,27710,26523,0,305,0,202008,,1,,,,,491
686,대구광역시 달성군 현풍읍 부리 308번지,27710,26523,0,308,0,202008,,1,,,,,712
687,대구광역시 달성군 현풍읍 부리 311번지,27710,26523,0,311,0,202008,,1,,,,,304
688,대구광역시 달성군 현풍읍 부리 328-1번지,27710,26523,0,328,1,202008,,1,,,,,2463
689,대구광역시 달성군 현풍읍 부리 329번지,27710,26523,0,329,0,202008,,1,,,,,128
690,대구광역시 달성군 현풍읍 부리 331-4번지,27710,26523,0,331,4,202008,,1,,,,,233
691,대구광역시 달성군 현풍읍 부리 339번지,27710,26523,0,339,0,202008,,1,,,,,339
692,대구광역시 달성군 현풍읍 부리 349-1번지,27710,26523,0,349,1,202008,,1,,,,,1891
693,대구광역시 달성군 현풍읍 부리 361-1번지,27710,26523,0,361,1,202008,,1,,,,,93
694,대구광역시 달성군 현풍읍 부리 364번지,27710,26523,0,364,0,202008,,1,,,,,175
695,대구광역시 달성군 현풍읍 부리 382번지,27710,26523,0,382,0,202008,,1,,,,,397
696,대구광역시 달성군 현풍읍 부리 393번지,27710,26523,0,393,0,202008,,1,,,,,887
697,대구광역시 달성군 현풍읍 부리 405-2번지,27710,26523,0,405,2,202008,,1,,,,,128
698,대구광역시 달성군 현풍읍 부리 409-1번지,27710,26523,0,409,1,202008,,1,,,,,2872
699,대구광역시 달성군 현풍읍 부리 430-1번지,27710,26523,0,430,1,202008,,1,,,,,246
700,대구광역시 달성군 현풍읍 부리 433-2번지,27710,26523,0,433,2,202008,,1,,,,,6107
701,대구광역시 달성군 현풍읍 부리 433-9번지,27710,26523,0,433,9,202008,,1,,,,,537
702,대구광역시 달성군 현풍읍 부리 441번지,27710,26523,0,441,0,202008,,1,,,,,2101
703,대구광역시 달성군 현풍읍 부리 453-5번지,27710,26523,0,453,5,202008,,1,,,,,2825
704,대구광역시 달성군 현풍읍 부리 459번지,27710,26523,0,459,0,202008,,1,,,,,595
705,대구광역시 달성군 현풍읍 부리 467-2번지,27710,26523,0,467,2,202008,,1,,,,,502
706,대구광역시 달성군 현풍읍 부리 474-2번지,27710,26523,0,474,2,202008,,1,,,,,257
707,대구광역시 달성군 현풍읍 부리 475-1번지,27710,26523,0,475,1,202008,,1,,,,,23
708,대구광역시 달성군 현풍읍 부리 480-3번지,27710,26523,0,480,3,202008,,1,,,,,117
709,대구광역시 달성군 현풍읍 부리 484-1번지,27710,26523,0,484,1,202008,,1,,,,,9212
710,대구광역시 달성군 현풍읍 부리 491-1번지,27710,26523,0,491,1,202008,,1,,,,,479
711,대구광역시 달성군 현풍읍 부리 502번지,27710,26523,0,502,0,202008,,1,,,,,339
712,대구광역시 달성군 현풍읍 부리 503-1번지,27710,26523,0,503,1,202008,,1,,,,,1938
713,대구광역시 달성군 현풍읍 하리 1-2번지,27710,26524,0,1,2,202008,,1,,,,,852
714,대구광역시 달성군 현풍읍 하리 100-1번지,27710,26524,0,100,1,202008,,1,,,,,326
715,대구광역시 달성군 현풍읍 하리 103-2번지,27710,26524,0,103,2,202008,,1,,,,,175
716,대구광역시 달성군 현풍읍 하리 128-1번지,27710,26524,0,128,1,202008,,1,,,,,54359
717,대구광역시 달성군 현풍읍 하리 147번지,27710,26524,0,147,0,202008,,1,,,,,152
718,대구광역시 달성군 현풍읍 하리 152번지,27710,26524,0,152,0,202008,,1,,,,,187
719,대구광역시 달성군 현풍읍 하리 153-5번지,27710,26524,0,153,5,202008,,1,,,,,537
720,대구광역시 달성군 현풍읍 하리 154-3번지,27710,26524,0,154,3,202008,,1,,,,,117
721,대구광역시 달성군 현풍읍 하리 208번지,27710,26524,0,208,0,202008,,1,,,,,362
722,대구광역시 달성군 현풍읍 하리 227번지,27710,26524,0,227,0,202008,,1,,,,,152
723,대구광역시 달성군 현풍읍 하리 23번지,27710,26524,0,23,0,202008,,1,,,,,374
724,대구광역시 달성군 현풍읍 하리 88-2번지,27710,26524,0,88,2,202008,,1,,,,,210
725,대구광역시 달성군 현풍읍 하리 92번지,27710,26524,0,92,0,202008,,1,,,,,538
726,대구광역시 달성군 현풍읍 성하리 235-4번지,27710,26525,0,235,4,202008,,1,,,,,11374
727,대구광역시 달성군 현풍읍 성하리 435-5번지,27710,26525,0,435,5,202008,,1,,,,,186
728,대구광역시 달성군 현풍읍 성하리 435번지,27710,26525,0,435,0,202008,,1,,,,,12
729,대구광역시 달성군 현풍읍 성하리 497번지,27710,26525,0,497,0,202008,,1,,,,,13457
730,대구광역시 달성군 현풍읍 원교리 102번지,27710,26526,0,102,0,202008,,1,,,,,899
731,대구광역시 달성군 현풍읍 원교리 103번지,27710,26526,0,103,0,202008,,1,,,,,31487
732,대구광역시 달성군 현풍읍 원교리 120-3번지,27710,26526,0,120,3,202008,,1,,,,,10425
733,대구광역시 달성군 현풍읍 원교리 123번지,27710,26526,0,123,0,202008,,1,,,,,21332
734,대구광역시 달성군 현풍읍 원교리 163-7번지,27710,26526,0,163,7,202008,,1,,,,,292
735,대구광역시 달성군 현풍읍 원교리 309-3번지,27710,26526,0,309,3,202008,,1,,,,,5850
736,대구광역시 달성군 현풍읍 원교리 32-3번지,27710,26526,0,32,3,202008,,1,,,,,70
737,대구광역시 달성군 현풍읍 원교리 330-1번지,27710,26526,0,330,1,202008,,1,,,,,187
738,대구광역시 달성군 현풍읍 원교리 407번지,27710,26526,0,407,0,202008,,1,,,,,4313
739,대구광역시 달성군 가창면 용계리 108번지,27710,31021,0,108,0,202008,대구광역시 달성군 가창로 1092,1,2.77103E+11,0,1092,0,338
740,대구광역시 달성군 가창면 용계리 205번지,27710,31021,0,205,0,202008,대구광역시 달성군 헐티로 1280,1,2.77103E+11,0,1280,0,420
741,대구광역시 달성군 가창면 용계리 215-1번지,27710,31021,0,215,1,202008,대구광역시 달성군 가창로 1053,1,2.77103E+11,0,1053,0,152
742,대구광역시 달성군 가창면 용계리 217-5번지,27710,31021,0,217,5,202008,대구광역시 달성군 가창로 1055,1,2.77103E+11,0,1055,0,304
743,대구광역시 달성군 가창면 용계리 235-8번지,27710,31021,0,235,8,202008,대구광역시 달성군 가창로 1074,1,2.77103E+11,0,1074,0,784
744,대구광역시 달성군 가창면 용계리 30-1번지,27710,31021,0,30,1,202008,대구광역시 달성군 가창로216길 61,1,2.77104E+11,0,61,0,689
745,대구광역시 달성군 가창면 용계리 31-1번지,27710,31021,0,31,1,202008,대구광역시 달성군 가창로 1118,1,2.77103E+11,0,1118,0,3701
746,대구광역시 달성군 가창면 용계리 33-12번지,27710,31021,0,33,12,202008,대구광역시 달성군 가창로220길 30,1,2.77104E+11,0,30,0,1144
747,대구광역시 달성군 가창면 용계리 34-2번지,27710,31021,0,34,2,202008,대구광역시 달성군 가창로216길 25,1,2.77104E+11,0,25,0,84586
748,대구광역시 달성군 가창면 용계리 41-2번지,27710,31021,0,41,2,202008,대구광역시 달성군 가창로220길 27,1,2.77104E+11,0,27,0,128
749,대구광역시 달성군 가창면 용계리 465번지,27710,31021,0,465,0,202008,대구광역시 달성군 가창로 1018,1,2.77103E+11,0,1018,0,88884
750,대구광역시 달성군 가창면 용계리 519-2번지,27710,31021,0,519,2,202008,대구광역시 달성군 가창로 1025,1,2.77103E+11,0,1025,0,38978
751,대구광역시 달성군 가창면 용계리 542번지,27710,31021,0,542,0,202008,대구광역시 달성군 가창로 1011-1,1,2.77103E+11,0,1011,1,3526
752,대구광역시 달성군 가창면 용계리 543번지,27710,31021,0,543,0,202008,대구광역시 달성군 가창로 1007,1,2.77103E+11,0,1007,0,4179
753,대구광역시 달성군 가창면 용계리 565-47번지,27710,31021,0,565,47,202008,대구광역시 달성군 가창로220길 17-2,1,2.77104E+11,0,17,2,1506
754,대구광역시 달성군 가창면 용계리 565-48번지,27710,31021,0,565,48,202008,대구광역시 달성군 가창로220길 15,1,2.77104E+11,0,15,0,245
755,대구광역시 달성군 가창면 용계리 75번지,27710,31021,0,75,0,202008,대구광역시 달성군 가창로 1094,1,2.77103E+11,0,1094,0,514
756,대구광역시 달성군 가창면 용계리 7번지,27710,31021,0,7,0,202008,대구광역시 달성군 가창로221길 1,1,2.77104E+11,0,1,0,18634
757,대구광역시 달성군 가창면 용계리 95-18번지,27710,31021,0,95,18,202008,대구광역시 달성군 가창로220길 14-29,1,2.77104E+11,0,14,29,467
758,대구광역시 달성군 가창면 냉천리 27-17번지,27710,31024,0,27,17,202008,대구광역시 달성군 가창로175길 6,1,2.77104E+11,0,6,0,6605
759,대구광역시 달성군 가창면 냉천리 27-9번지,27710,31024,0,27,9,202008,대구광역시 달성군 가창로 891,1,2.77103E+11,0,891,0,252371
760,대구광역시 달성군 구지면 창리 1371번지,27710,38021,0,1371,0,202008,대구광역시 달성군 국가산단대로39길 119,1,2.77105E+11,0,119,0,4621
761,대구광역시 달성군 구지면 창리 1435번지,27710,38021,0,1435,0,202008,대구광역시 달성군 국가산단대로70길 23,1,2.77105E+11,0,23,0,9607
762,대구광역시 달성군 구지면 창리 1441번지,27710,38021,0,1441,0,202008,대구광역시 달성군 국가산단대로66길 22,1,2.77105E+11,0,22,0,7029
763,대구광역시 달성군 구지면 창리 1446번지,27710,38021,0,1446,0,202008,대구광역시 달성군 국가산단대로66길 10,1,2.77105E+11,0,10,0,20347
764,대구광역시 달성군 구지면 창리 324번지,27710,38021,0,324,0,202008,대구광역시 달성군 창리로11길 93,1,2.77104E+11,0,93,0,56433
765,대구광역시 달성군 구지면 응암리 1178번지,27710,38022,0,1178,0,202008,대구광역시 달성군 과학마을로2길 6,1,2.77104E+11,0,6,0,222018
766,대구광역시 달성군 구지면 응암리 1187-1번지,27710,38022,0,1187,1,202008,대구광역시 달성군 과학마을로2길 5-6,1,2.77104E+11,0,5,6,655
767,대구광역시 달성군 구지면 응암리 1187-2번지,27710,38022,0,1187,2,202008,대구광역시 달성군 과학마을로2길 5-8,1,2.77104E+11,0,5,8,1025
768,대구광역시 달성군 구지면 응암리 1188-5번지,27710,38022,0,1188,5,202008,대구광역시 달성군 과학마을로2길 5-12,1,2.77104E+11,0,5,12,1216
769,대구광역시 달성군 구지면 응암리 1199번지,27710,38022,0,1199,0,202008,대구광역시 달성군 과학마을로3길 14,1,2.77104E+11,0,14,0,156195
770,대구광역시 달성군 구지면 응암리 1206-3번지,27710,38022,0,1206,3,202008,대구광역시 달성군 과학마을로 48,1,2.77103E+11,0,48,0,4880
771,대구광역시 달성군 구지면 응암리 1207-3번지,27710,38022,0,1207,3,202008,대구광역시 달성군 과학마을로4길 2-1,1,2.77104E+11,0,2,1,7528
772,대구광역시 달성군 구지면 응암리 1207-5번지,27710,38022,0,1207,5,202008,대구광역시 달성군 과학마을로4길 8-2,1,2.77104E+11,0,8,2,3630
773,대구광역시 달성군 구지면 응암리 1207-6번지,27710,38022,0,1207,6,202008,대구광역시 달성군 과학마을로4길 8-4,1,2.77104E+11,0,8,4,4147
774,대구광역시 달성군 구지면 응암리 1207-7번지,27710,38022,0,1207,7,202008,대구광역시 달성군 과학마을로4길 8-6,1,2.77104E+11,0,8,6,1529
775,대구광역시 달성군 구지면 응암리 1208-3번지,27710,38022,0,1208,3,202008,대구광역시 달성군 과학마을로 60,1,2.77103E+11,0,60,0,2977
776,대구광역시 달성군 구지면 응암리 1209-3번지,27710,38022,0,1209,3,202008,대구광역시 달성군 과학마을로4길 1-6,1,2.77104E+11,0,1,6,700
777,대구광역시 달성군 구지면 응암리 1210번지,27710,38022,0,1210,0,202008,대구광역시 달성군 과학마을로 70,1,2.77103E+11,0,70,0,118537
778,대구광역시 달성군 구지면 응암리 1285번지,27710,38022,0,1285,0,202008,,1,,,,,49693
779,대구광역시 달성군 구지면 내리 840-5번지,27710,38030,0,840,5,202008,대구광역시 달성군 달성2차동1로 99,1,2.77103E+11,0,99,0,4759
780,대구광역시 달성군 구지면 내리 841-6번지,27710,38030,0,841,6,202008,대구광역시 달성군 달성2차동1로 141,1,2.77103E+11,0,141,0,6445
781,대구광역시 달성군 구지면 내리 842-43번지,27710,38030,0,842,43,202008,대구광역시 달성군 달성2차동1로 140-14,1,2.77103E+11,0,140,14,1457
782,대구광역시 달성군 구지면 내리 843-5번지,27710,38030,0,843,5,202008,대구광역시 달성군 달성2차5로 58,1,2.77103E+11,0,58,0,955
783,대구광역시 달성군 구지면 내리 844-13번지,27710,38030,0,844,13,202008,대구광역시 달성군 달성2차5로 3-34,1,2.77103E+11,0,3,34,2043
784,대구광역시 달성군 구지면 내리 844-1번지,27710,38030,0,844,1,202008,대구광역시 달성군 달성2차5로 11,1,2.77103E+11,0,11,0,1562
785,대구광역시 달성군 구지면 내리 844-21번지,27710,38030,0,844,21,202008,대구광역시 달성군 달성2차5로 13,1,2.77103E+11,0,13,0,2744
786,대구광역시 달성군 구지면 내리 844-22번지,27710,38030,0,844,22,202008,대구광역시 달성군 달성2차5로 3-16,1,2.77103E+11,0,3,16,3305
787,대구광역시 달성군 구지면 내리 844-26번지,27710,38030,0,844,26,202008,대구광역시 달성군 달성2차5로 27,1,2.77103E+11,0,27,0,2055
788,대구광역시 달성군 구지면 내리 844-28번지,27710,38030,0,844,28,202008,대구광역시 달성군 달성2차5로 53,1,2.77103E+11,0,53,0,2380
789,대구광역시 달성군 구지면 내리 844-29번지,27710,38030,0,844,29,202008,대구광역시 달성군 달성2차5로 55,1,2.77103E+11,0,55,0,2919
790,대구광역시 달성군 구지면 내리 845-1번지,27710,38030,0,845,1,202008,대구광역시 달성군 달성2차동1로 106,1,2.77103E+11,0,106,0,2056
